Date;Tasa de política monetaria;Tipo de cambio Minorista;Suma de results.valor;cauciones;tasa de descuentos de cheques diferidos;;;tasa de prestamos personal
4/1/2016 00:00;33;13.31;;;;;;
5/1/2016 00:00;33;13.88;;;;;;
6/1/2016 00:00;32;14.04;;;;;;
7/1/2016 00:00;32;14.16;;;;;;
8/1/2016 00:00;32;14.1;;;;;;
11/1/2016 00:00;32;14.06;;;;;;
12/1/2016 00:00;32;13.82;;;;;;
13/1/2016 00:00;31;13.82;;;;;;
14/1/2016 00:00;31;13.63;;;;;;
15/1/2016 00:00;31;13.72;;;;;;
18/1/2016 00:00;31;13.73;;;;;;
19/1/2016 00:00;31;13.69;;;;;;
20/1/2016 00:00;31;13.7;;;;;;
21/1/2016 00:00;31;13.83;;;;;;
22/1/2016 00:00;31;13.96;;;;;;
25/1/2016 00:00;31;14.02;;;;;;
26/1/2016 00:00;31;14.07;;;;;;
27/1/2016 00:00;30,75;14.1;;;;;;
28/1/2016 00:00;30,75;14.12;;;;;;
29/1/2016 00:00;30,75;14.13;;;;;;
31/1/2016 00:00;;;4.1;;;;;
1/2/2016 00:00;30,75;14.27;;;;;;
2/2/2016 00:00;30,75;14.32;;;;;;
3/2/2016 00:00;30,5;14.35;;;;;;
4/2/2016 00:00;30,5;14.38;;;;;;
5/2/2016 00:00;30,5;14.54;;;;;;
10/2/2016 00:00;30,25;14.71;;;;;;
11/2/2016 00:00;30,25;14.78;;;;;;
12/2/2016 00:00;30,25;14.95;;;;;;
15/2/2016 00:00;30,25;14.95;;;;;;
16/2/2016 00:00;30,25;14.99;;;;;;
17/2/2016 00:00;30,5;15.11;;;;;;
18/2/2016 00:00;30,5;15.24;;;;;;
19/2/2016 00:00;30,5;15.24;;;;;;
22/2/2016 00:00;30,5;15.37;;;;;;
23/2/2016 00:00;30,5;15.64;;;;;;
24/2/2016 00:00;31,15;15.55;;;;;;
25/2/2016 00:00;31,15;15.56;;;;;;
26/2/2016 00:00;31,15;15.69;;;;;;
29/2/2016 00:00;31,15;15.88;2.7;;;;;
1/3/2016 00:00;31,15;16.07;;;;;;
2/3/2016 00:00;37;15.88;;;;;;
3/3/2016 00:00;37;15.48;;;;;;
4/3/2016 00:00;37;15.44;;;;;;
7/3/2016 00:00;37;15.59;;;;;;
8/3/2016 00:00;37;15.65;;;;;;
9/3/2016 00:00;38;15.59;;;;;;
10/3/2016 00:00;38;15.57;;;;;;
11/3/2016 00:00;38;15.2;;;;;;
14/3/2016 00:00;38;15;;;;;;
15/3/2016 00:00;38;14.85;;;;;;
16/3/2016 00:00;38;14.8;;;;;;
17/3/2016 00:00;38;15.04;;;;;;
18/3/2016 00:00;38;15.08;;;;;;
21/3/2016 00:00;38;14.7;;;;;;
22/3/2016 00:00;38;14.63;;;;;;
23/3/2016 00:00;38;14.71;;;;;;
28/3/2016 00:00;38;14.98;;;;;;
29/3/2016 00:00;38;14.87;;;;;;
30/3/2016 00:00;38;14.84;;;;;;
31/3/2016 00:00;38;14.89;3;;;;;
1/4/2016 00:00;38;15;;;;;;
4/4/2016 00:00;38;15.04;;;;;;
5/4/2016 00:00;38;14.92;;;;;;
6/4/2016 00:00;38;14.93;;;;;;
7/4/2016 00:00;38;14.77;;;;;;
8/4/2016 00:00;38;14.69;;;;;;
11/4/2016 00:00;38;14.74;;;;;;
12/4/2016 00:00;38;14.74;;;;;;
13/4/2016 00:00;38;14.63;;;;;;
14/4/2016 00:00;38;14.62;;;;;;
15/4/2016 00:00;38;14.48;;;;;;
18/4/2016 00:00;38;14.38;;;;;;
19/4/2016 00:00;38;14.43;;;;;;
20/4/2016 00:00;38;14.54;;;;;;
21/4/2016 00:00;38;14.66;;;;;;
22/4/2016 00:00;38;14.62;;;;;;
25/4/2016 00:00;38;14.59;;;;;;
26/4/2016 00:00;38;14.57;;;;;;
27/4/2016 00:00;38;14.47;;;;;;
28/4/2016 00:00;38;14.49;;;;;;
29/4/2016 00:00;38;14.51;;;;;;
30/4/2016 00:00;;;3.4;;;;;
2/5/2016 00:00;38;14.52;;;;;;
3/5/2016 00:00;38;14.46;;;;;;
4/5/2016 00:00;37,5;14.47;;;;;;
5/5/2016 00:00;37,5;14.52;;;;;;
6/5/2016 00:00;37,5;14.5;;;;;;
9/5/2016 00:00;37,5;14.48;;;;;;
10/5/2016 00:00;37,5;14.5;;;;;;
11/5/2016 00:00;37,5;14.5;;;;;;
12/5/2016 00:00;37,5;14.46;;;;;;
13/5/2016 00:00;37,5;14.44;;;;;;
16/5/2016 00:00;37,5;14.42;;;;;;
17/5/2016 00:00;37,5;14.38;;;;;;
18/5/2016 00:00;36,75;14.38;;;;;;
19/5/2016 00:00;36,75;14.36;;;;;;
20/5/2016 00:00;36,75;14.31;;;;;;
23/5/2016 00:00;36,75;14.28;;;;;;
24/5/2016 00:00;36,75;14.29;;;;;;
26/5/2016 00:00;35,25;14.3;;;;;;
27/5/2016 00:00;35,25;14.23;;;;;;
30/5/2016 00:00;35,25;14.23;;;;;;
31/5/2016 00:00;35,25;14.25;4.2;;;;;
1/6/2016 00:00;34,25;14.22;;;;;;
2/6/2016 00:00;34,25;14.17;;;;;;
3/6/2016 00:00;34,25;14.14;;;;;;
6/6/2016 00:00;34,25;14.03;;;;;;
7/6/2016 00:00;34,25;14.07;;;;;;
8/6/2016 00:00;33,25;14.07;;;;;;
9/6/2016 00:00;33,25;14.09;;;;;;
10/6/2016 00:00;33,25;14.08;;;;;;
13/6/2016 00:00;33,25;14.07;;;;;;
14/6/2016 00:00;33,25;14.03;;;;;;
15/6/2016 00:00;32,25;14.01;;;;;;
16/6/2016 00:00;32,25;14.12;;;;;;
21/6/2016 00:00;32,25;14.16;;;;;;
22/6/2016 00:00;31,5;14.3;;;;;;
23/6/2016 00:00;31,5;14.54;;;;;;
24/6/2016 00:00;31,5;15.09;;;;;;
27/6/2016 00:00;31,5;15.42;;;;;;
28/6/2016 00:00;31,5;15.21;;;;;;
29/6/2016 00:00;30,75;15.17;;;;;;
30/6/2016 00:00;30,75;15.21;3.1;;;;;
1/7/2016 00:00;30,75;15.33;;;;;;
4/7/2016 00:00;30,75;15.32;;;;;;
5/7/2016 00:00;30,75;15.19;;;;;;
6/7/2016 00:00;30,25;15.01;;;;;;
7/7/2016 00:00;30,25;14.92;;;;;;
11/7/2016 00:00;30,25;14.95;;;;;;
12/7/2016 00:00;30,25;14.86;;;;;;
13/7/2016 00:00;30,25;14.83;;;;;;
14/7/2016 00:00;30,25;14.94;;;;;;
15/7/2016 00:00;30,25;15.2;;;;;;
18/7/2016 00:00;30,25;15.35;;;;;;
19/7/2016 00:00;30,25;15.26;;;;;;
20/7/2016 00:00;30,25;15.23;;;;;;
21/7/2016 00:00;30,25;15.29;;;;;;
22/7/2016 00:00;30,25;15.16;;;;;;
25/7/2016 00:00;30,25;15.16;;;;;;
26/7/2016 00:00;30,25;15.17;;;;;;
27/7/2016 00:00;30,25;15.21;;;;;;
28/7/2016 00:00;30,25;15.26;;;;;;
29/7/2016 00:00;30,25;15.29;;;;;;
31/7/2016 00:00;;;2;;;;;
1/8/2016 00:00;30,25;15.22;;;;;;
2/8/2016 00:00;30,25;15.11;;;;;;
3/8/2016 00:00;30;15.09;;;;;;
4/8/2016 00:00;30;15.1;;;;;;
5/8/2016 00:00;30;15.08;;;;;;
8/8/2016 00:00;30;15;;;;;;
9/8/2016 00:00;30;15.03;;;;;;
10/8/2016 00:00;29,75;14.97;;;;;;
11/8/2016 00:00;29,75;14.92;;;;;;
12/8/2016 00:00;29,75;14.94;;;;;;
16/8/2016 00:00;29,75;14.92;;;;;;
17/8/2016 00:00;29,25;14.99;;;;;;
18/8/2016 00:00;29,25;15.14;;;;;;
19/8/2016 00:00;29,25;15.15;;;;;;
22/8/2016 00:00;29,25;15.11;;;;;;
23/8/2016 00:00;29,25;15.11;;;;;;
24/8/2016 00:00;28,75;15.12;;;;;;
25/8/2016 00:00;28,75;15.11;;;;;;
26/8/2016 00:00;28,75;15.19;;;;;;
29/8/2016 00:00;28,75;15.28;;;;;;
30/8/2016 00:00;28,75;15.29;;;;;;
31/8/2016 00:00;28,25;15.16;0.2;;;;;
1/9/2016 00:00;28,25;15.13;;;;;;
2/9/2016 00:00;28,25;15.2;;;;;;
5/9/2016 00:00;28,25;15.21;;;;;;
6/9/2016 00:00;28,25;15.23;;;;;;
7/9/2016 00:00;27,75;15.25;;;;;;
8/9/2016 00:00;27,75;15.27;;;;;;
9/9/2016 00:00;27,75;15.25;;;;;;
12/9/2016 00:00;27,75;15.23;;;;;;
13/9/2016 00:00;27,75;15.29;;;;;;
14/9/2016 00:00;27,25;15.24;;;;;;
15/9/2016 00:00;27,25;15.26;;;;;;
16/9/2016 00:00;27,25;15.34;;;;;;
19/9/2016 00:00;27,25;15.35;;;;;;
20/9/2016 00:00;27,25;15.37;;;;;;
21/9/2016 00:00;26,75;15.35;;;;;;
22/9/2016 00:00;26,75;15.38;;;;;;
23/9/2016 00:00;26,75;15.37;;;;;;
26/9/2016 00:00;26,75;15.43;;;;;;
27/9/2016 00:00;26,75;15.45;;;;;;
28/9/2016 00:00;26,75;15.52;;;;;;
29/9/2016 00:00;26,75;15.59;;;;;;
30/9/2016 00:00;26,75;15.49;1.1;;;;;
3/10/2016 00:00;26,75;15.42;;;;;;
4/10/2016 00:00;26,75;15.43;;;;;;
5/10/2016 00:00;26,75;15.42;;;;;;
6/10/2016 00:00;26,75;15.44;;;;;;
7/10/2016 00:00;26,75;15.44;;;;;;
11/10/2016 00:00;26,75;15.43;;;;;;
12/10/2016 00:00;26,75;15.36;;;;;;
13/10/2016 00:00;26,75;15.35;;;;;;
14/10/2016 00:00;26,75;15.37;;;;;;
17/10/2016 00:00;26,75;15.43;;;;;;
18/10/2016 00:00;26,75;15.43;;;;;;
19/10/2016 00:00;26,75;15.42;;;;;;
20/10/2016 00:00;26,75;15.4;;;;;;
21/10/2016 00:00;26,75;15.37;;;;;;
24/10/2016 00:00;26,75;15.33;;;;;;
25/10/2016 00:00;26,75;15.42;;;;;;
26/10/2016 00:00;26,75;15.43;;;;;;
27/10/2016 00:00;26,75;15.42;;;;;;
28/10/2016 00:00;26,75;15.42;;;;;;
31/10/2016 00:00;26,75;15.4;2.4;;;;;
1/11/2016 00:00;26,75;15.35;;;;;;
2/11/2016 00:00;26,75;15.3;;;;;;
3/11/2016 00:00;26,75;15.32;;;;;;
4/11/2016 00:00;26,75;15.28;;;;;;
7/11/2016 00:00;26,75;15.23;;;;;;
8/11/2016 00:00;26,75;15.23;;;;;;
9/11/2016 00:00;26,25;15.16;;;;;;
10/11/2016 00:00;26,25;15.28;;;;;;
11/11/2016 00:00;26,25;15.48;;;;;;
14/11/2016 00:00;26,25;15.79;;;;;;
15/11/2016 00:00;26,25;15.73;;;;;;
16/11/2016 00:00;25,75;15.73;;;;;;
17/11/2016 00:00;25,75;15.68;;;;;;
18/11/2016 00:00;25,75;15.69;;;;;;
21/11/2016 00:00;25,75;15.63;;;;;;
22/11/2016 00:00;25,75;15.66;;;;;;
23/11/2016 00:00;25,25;15.75;;;;;;
24/11/2016 00:00;25,25;15.76;;;;;;
25/11/2016 00:00;25,25;15.75;;;;;;
29/11/2016 00:00;25,25;15.88;;;;;;
30/11/2016 00:00;24,75;16.1;1.6;;;;;
1/12/2016 00:00;24,75;16.1;;;;;;
2/12/2016 00:00;24,75;16.1;;;;;;
5/12/2016 00:00;24,75;16.12;;;;;;
6/12/2016 00:00;24,75;16.13;;;;;;
7/12/2016 00:00;24,75;16.19;;;;;;
12/12/2016 00:00;24,75;16.28;;;;;;
13/12/2016 00:00;24,75;16.22;;;;;;
14/12/2016 00:00;24,75;16.17;;;;;;
15/12/2016 00:00;24,75;16.22;;;;;;
16/12/2016 00:00;24,75;16.16;;;;;;
19/12/2016 00:00;24,75;16.05;;;;;;
20/12/2016 00:00;24,75;16.05;;;;;;
21/12/2016 00:00;24,75;16.09;;;;;;
22/12/2016 00:00;24,75;16.01;;;;;;
23/12/2016 00:00;24,75;15.79;;;;;;
26/12/2016 00:00;24,75;15.8;;;;;;
27/12/2016 00:00;24,75;15.78;;;;;;
28/12/2016 00:00;24,75;15.89;;;;;;
29/12/2016 00:00;24,75;16.14;;;;;;
30/12/2016 00:00;24,75;16.13;;;;;;
31/12/2016 00:00;;;1.2;;;;;
2/1/2017 00:00;24,75;16.16;;;;;;
3/1/2017 00:00;24,75;16.16;;;;;;
4/1/2017 00:00;24,75;16.37;;;;;;
5/1/2017 00:00;24,75;16.23;;;;;;
6/1/2017 00:00;24,75;16.05;;;;;;
9/1/2017 00:00;24,75;16.08;;;;;;
10/1/2017 00:00;24,75;16.1;;;;;;
11/1/2017 00:00;24,75;16.11;;;;;;
12/1/2017 00:00;24,75;16.08;;;;;;
13/1/2017 00:00;24,75;16.08;;;;;;
16/1/2017 00:00;24,75;16.09;;;;;;
17/1/2017 00:00;24,75;16.12;;;;;;
18/1/2017 00:00;24,75;16.2;;;;;;
19/1/2017 00:00;24,75;16.19;;;;;;
20/1/2017 00:00;24,75;16.13;;;;;;
23/1/2017 00:00;24,75;16.16;;;;;;
24/1/2017 00:00;24,75;16.19;;;;;;
25/1/2017 00:00;24,75;16.18;;;;;;
26/1/2017 00:00;24,75;16.19;;;;;;
27/1/2017 00:00;24,75;16.15;;;;;;
30/1/2017 00:00;24,75;16.17;;;;;;
31/1/2017 00:00;24,75;16.14;1.3;;;;;
1/2/2017 00:00;24,75;16.05;;;;;;
2/2/2017 00:00;24,75;15.92;;;;;;
3/2/2017 00:00;24,75;15.88;;;;;;
6/2/2017 00:00;24,75;15.98;;;;;;
7/2/2017 00:00;24,75;15.95;;;;;;
8/2/2017 00:00;24,75;15.96;;;;;;
9/2/2017 00:00;24,75;15.92;;;;;;
10/2/2017 00:00;24,75;15.81;;;;;;
13/2/2017 00:00;24,75;15.76;;;;;;
14/2/2017 00:00;24,75;15.8;;;;;;
15/2/2017 00:00;24,75;15.7;;;;;;
16/2/2017 00:00;24,75;15.68;;;;;;
17/2/2017 00:00;24,75;15.95;;;;;;
20/2/2017 00:00;24,75;15.99;;;;;;
21/2/2017 00:00;24,75;15.91;;;;;;
22/2/2017 00:00;24,75;15.8;;;;;;
23/2/2017 00:00;24,75;15.83;;;;;;
24/2/2017 00:00;24,75;15.76;;;;;;
28/2/2017 00:00;;;2.5;;;;;
1/3/2017 00:00;24,75;15.74;;;;;;
2/3/2017 00:00;24,75;15.69;;;;;;
3/3/2017 00:00;24,75;15.71;;;;;;
6/3/2017 00:00;24,75;15.71;;;;;;
7/3/2017 00:00;24,75;15.78;;;;;;
8/3/2017 00:00;24,75;15.89;;;;;;
9/3/2017 00:00;24,75;15.87;;;;;;
10/3/2017 00:00;24,75;15.79;;;;;;
13/3/2017 00:00;24,75;15.81;;;;;;
14/3/2017 00:00;24,75;15.81;;;;;;
15/3/2017 00:00;24,75;15.82;;;;;;
16/3/2017 00:00;24,75;15.83;;;;;;
17/3/2017 00:00;24,75;15.82;;;;;;
20/3/2017 00:00;24,75;15.93;;;;;;
21/3/2017 00:00;24,75;15.9;;;;;;
22/3/2017 00:00;24,75;15.9;;;;;;
23/3/2017 00:00;24,75;15.91;;;;;;
27/3/2017 00:00;24,75;15.88;;;;;;
28/3/2017 00:00;24,75;15.84;;;;;;
29/3/2017 00:00;24,75;15.74;;;;;;
30/3/2017 00:00;24,75;15.7;;;;;;
31/3/2017 00:00;24,75;15.63;2.4;;;;;
3/4/2017 00:00;24,75;15.72;;;;;;
4/4/2017 00:00;24,75;15.69;;;;;;
5/4/2017 00:00;24,75;15.65;;;;;;
6/4/2017 00:00;24,75;15.68;;;;;;
7/4/2017 00:00;24,75;15.66;;;;;;
10/4/2017 00:00;24,75;15.55;;;;;;
11/4/2017 00:00;24,75;15.52;;;;;;
12/4/2017 00:00;26,25;15.49;;;;;;
17/4/2017 00:00;26,25;15.5;;;;;;
18/4/2017 00:00;26,25;15.55;;;;;;
19/4/2017 00:00;26,25;15.72;;;;;;
20/4/2017 00:00;26,25;15.7;;;;;;
21/4/2017 00:00;26,25;15.72;;;;;;
24/4/2017 00:00;26,25;15.6;;;;;;
25/4/2017 00:00;26,25;15.73;;;;;;
26/4/2017 00:00;26,25;15.75;;;;;;
27/4/2017 00:00;26,25;15.74;;;;;;
28/4/2017 00:00;26,25;15.72;;;;;;
30/4/2017 00:00;;;2.6;;;;;
2/5/2017 00:00;26,25;15.61;;;;;;
3/5/2017 00:00;26,25;15.58;;;;;;
4/5/2017 00:00;26,25;15.64;;;;;;
5/5/2017 00:00;26,25;15.65;;;;;;
8/5/2017 00:00;26,25;15.7;;;;;;
9/5/2017 00:00;26,25;15.84;;;;;;
10/5/2017 00:00;26,25;15.83;;;;;;
11/5/2017 00:00;26,25;15.75;;;;;;
12/5/2017 00:00;26,25;15.73;;;;;;
15/5/2017 00:00;26,25;15.79;;;;;;
16/5/2017 00:00;26,25;15.89;;;;;;
17/5/2017 00:00;26,25;15.9;;;;;;
18/5/2017 00:00;26,25;16.27;;;;;;
19/5/2017 00:00;26,25;16.22;;;;;;
22/5/2017 00:00;26,25;16.41;;;;;;
23/5/2017 00:00;26,25;16.34;;;;;;
24/5/2017 00:00;26,25;16.34;;;;;;
26/5/2017 00:00;26,25;16.3;;;;;;
29/5/2017 00:00;26,25;16.29;;;;;;
30/5/2017 00:00;26,25;16.37;;;;;;
31/5/2017 00:00;26,25;16.38;1.3;;;;;
1/6/2017 00:00;26,25;16.32;;;;;;
2/6/2017 00:00;26,25;16.3;;;;;;
5/6/2017 00:00;26,25;16.3;;;;;;
6/6/2017 00:00;26,25;16.27;;;;;;
7/6/2017 00:00;26,25;16.27;;;;;;
8/6/2017 00:00;26,25;16.21;;;;;;
9/6/2017 00:00;26,25;16.17;;;;;;
12/6/2017 00:00;26,25;16.18;;;;;;
13/6/2017 00:00;26,25;16.17;;;;;;
14/6/2017 00:00;26,25;16.13;;;;;;
15/6/2017 00:00;26,25;16.2;;;;;;
16/6/2017 00:00;26,25;16.29;;;;;;
19/6/2017 00:00;26,25;16.39;;;;;;
21/6/2017 00:00;26,25;16.53;;;;;;
22/6/2017 00:00;26,25;16.44;;;;;;
23/6/2017 00:00;26,25;16.42;;;;;;
26/6/2017 00:00;26,25;16.55;;;;;;
27/6/2017 00:00;26,25;16.66;;;;;;
28/6/2017 00:00;26,25;16.68;;;;;;
29/6/2017 00:00;26,25;16.75;;;;;;
30/6/2017 00:00;26,25;16.88;1.2;;;;;
3/7/2017 00:00;26,25;17.06;;;;;;
4/7/2017 00:00;26,25;17.18;;;;;;
5/7/2017 00:00;26,25;17.4;;;;;;
6/7/2017 00:00;26,25;17.38;;;;;;
7/7/2017 00:00;26,25;17.29;;;;;;
10/7/2017 00:00;26,25;17.28;;;;;;
11/7/2017 00:00;26,25;17.3;;;;;;
12/7/2017 00:00;26,25;17.26;;;;;;
13/7/2017 00:00;26,25;17.26;;;;;;
14/7/2017 00:00;26,25;17.14;;;;;;
17/7/2017 00:00;26,25;17.19;;;;;;
18/7/2017 00:00;26,25;17.39;;;;;;
19/7/2017 00:00;26,25;17.46;;;;;;
20/7/2017 00:00;26,25;17.46;;;;;;
21/7/2017 00:00;26,25;17.66;;;;;;
24/7/2017 00:00;26,25;17.71;;;;;;
25/7/2017 00:00;26,25;17.66;;;;;;
26/7/2017 00:00;26,25;17.76;;;;;;
27/7/2017 00:00;26,25;17.86;;;;;;
28/7/2017 00:00;26,25;18.01;;;;;;
31/7/2017 00:00;26,25;17.94;1.7;;;;;
1/8/2017 00:00;26,25;17.87;;;;;;
2/8/2017 00:00;26,25;17.86;;;;;;
3/8/2017 00:00;26,25;17.94;;;;;;
4/8/2017 00:00;26,25;17.94;;;;;;
7/8/2017 00:00;26,25;17.97;;;;;;
8/8/2017 00:00;26,25;17.98;;;;;;
9/8/2017 00:00;26,25;17.99;;;;;;
10/8/2017 00:00;26,25;17.99;;;;;;
11/8/2017 00:00;26,25;17.99;;;;;;
14/8/2017 00:00;26,25;17.47;;;;;;
15/8/2017 00:00;26,25;17.35;;;;;;
16/8/2017 00:00;26,25;17.47;;;;;;
17/8/2017 00:00;26,25;17.62;;;;;;
18/8/2017 00:00;26,25;17.57;;;;;;
22/8/2017 00:00;26,25;17.5;;;;;;
23/8/2017 00:00;26,25;17.51;;;;;;
24/8/2017 00:00;26,25;17.46;;;;;;
25/8/2017 00:00;26,25;17.49;;;;;;
28/8/2017 00:00;26,25;17.49;;;;;;
29/8/2017 00:00;26,25;17.65;;;;;;
30/8/2017 00:00;26,25;17.66;;;;;;
31/8/2017 00:00;26,25;17.61;1.4;;;;;
1/9/2017 00:00;26,25;17.51;;;;;;
4/9/2017 00:00;26,25;17.55;;;;;;
5/9/2017 00:00;26,25;17.54;;;;;;
6/9/2017 00:00;26,25;17.49;;;;;;
7/9/2017 00:00;26,25;17.49;;;;;;
8/9/2017 00:00;26,25;17.48;;;;;;
11/9/2017 00:00;26,25;17.46;;;;;;
12/9/2017 00:00;26,25;17.37;;;;;;
13/9/2017 00:00;26,25;17.34;;;;;;
14/9/2017 00:00;26,25;17.29;;;;;;
15/9/2017 00:00;26,25;17.27;;;;;;
18/9/2017 00:00;26,25;17.36;;;;;;
19/9/2017 00:00;26,25;17.42;;;;;;
20/9/2017 00:00;26,25;17.42;;;;;;
21/9/2017 00:00;26,25;17.56;;;;;;
22/9/2017 00:00;26,25;17.59;;;;;;
25/9/2017 00:00;26,25;17.76;;;;;;
26/9/2017 00:00;26,25;17.85;;;;;;
27/9/2017 00:00;26,25;17.83;;;;;;
28/9/2017 00:00;26,25;17.79;;;;;;
29/9/2017 00:00;26,25;17.6;;;;;;
30/9/2017 00:00;;;1.9;;;;;
2/10/2017 00:00;26,25;17.69;;;;;;
3/10/2017 00:00;26,25;17.72;;;;;;
4/10/2017 00:00;26,25;17.64;;;;;;
5/10/2017 00:00;26,25;17.66;;;;;;
6/10/2017 00:00;26,25;17.76;;;;;;
9/10/2017 00:00;26,25;17.77;;;;;;
10/10/2017 00:00;26,25;17.73;;;;;;
11/10/2017 00:00;26,25;17.72;;;;;;
12/10/2017 00:00;26,25;17.73;;;;;;
13/10/2017 00:00;26,25;17.65;;;;;;
17/10/2017 00:00;26,25;17.64;;;;;;
18/10/2017 00:00;26,25;17.63;;;;;;
19/10/2017 00:00;26,25;17.72;;;;;;
20/10/2017 00:00;26,25;17.74;;;;;;
23/10/2017 00:00;26,25;17.67;;;;;;
24/10/2017 00:00;26,25;17.77;;;;;;
25/10/2017 00:00;27,75;17.76;;;;;;
26/10/2017 00:00;27,75;17.9;;;;;;
27/10/2017 00:00;27,75;17.93;;;;;;
30/10/2017 00:00;27,75;17.96;;;;;;
31/10/2017 00:00;27,75;17.93;1.5;;;;;
1/11/2017 00:00;27,75;17.93;;;;;;
2/11/2017 00:00;27,75;17.83;;;;;;
3/11/2017 00:00;27,75;17.89;;;;;;
7/11/2017 00:00;27,75;17.93;;;;;;
8/11/2017 00:00;28,75;17.83;;;;;;
9/11/2017 00:00;28,75;17.8;;;;;;
10/11/2017 00:00;28,75;17.79;;;;;;
13/11/2017 00:00;28,75;17.8;;;;;;
14/11/2017 00:00;28,75;17.75;;;;;;
15/11/2017 00:00;28,75;17.79;;;;;;
16/11/2017 00:00;28,75;17.78;;;;;;
17/11/2017 00:00;28,75;17.77;;;;;;
21/11/2017 00:00;28,75;17.78;;;;;;
22/11/2017 00:00;28,75;17.73;;;;;;
23/11/2017 00:00;28,75;17.71;;;;;;
24/11/2017 00:00;28,75;17.66;;;;;;
27/11/2017 00:00;28,75;17.61;;;;;;
28/11/2017 00:00;28,75;17.63;;;;;;
29/11/2017 00:00;28,75;17.7;;;;;;
30/11/2017 00:00;28,75;17.63;1.4;;;;;
1/12/2017 00:00;28,75;17.55;;;;;;
4/12/2017 00:00;28,75;17.61;;;;;;
5/12/2017 00:00;28,75;17.63;;;;;;
6/12/2017 00:00;28,75;17.6;;;;;;
7/12/2017 00:00;28,75;17.6;;;;;;
11/12/2017 00:00;28,75;17.56;;;;;;
12/12/2017 00:00;28,75;17.66;;;;;;
13/12/2017 00:00;28,75;17.64;;;;;;
14/12/2017 00:00;28,75;17.7;;;;;;
15/12/2017 00:00;28,75;17.81;;;;;;
18/12/2017 00:00;28,75;17.87;;;;;;
19/12/2017 00:00;28,75;17.95;;;;;;
20/12/2017 00:00;28,75;18.02;;;;;;
21/12/2017 00:00;28,75;18.22;;;;;;
22/12/2017 00:00;28,75;18.33;;;;;;
26/12/2017 00:00;28,75;18.61;;;;;;
27/12/2017 00:00;28,75;18.78;;;;;;
28/12/2017 00:00;28,75;19.46;;;;;;
29/12/2017 00:00;28,75;18.92;;;;;;
31/12/2017 00:00;;;3.1;;;;;
2/1/2018 00:00;28,75;18.74;;;;;;
3/1/2018 00:00;28,75;18.78;;;;;;
4/1/2018 00:00;28,75;18.96;;;;;;
5/1/2018 00:00;28,75;19.21;;;;;;
8/1/2018 00:00;28,75;19.34;;;;;;
9/1/2018 00:00;28,75;19.29;;;;;;
10/1/2018 00:00;28;18.96;;;;;;
11/1/2018 00:00;28;18.99;;;;;;
12/1/2018 00:00;28;19.01;;;;;;
15/1/2018 00:00;28;19.05;;;;;;
16/1/2018 00:00;28;19.19;;;;;;
17/1/2018 00:00;28;19.2;;;;;;
18/1/2018 00:00;28;19.15;;;;;;
19/1/2018 00:00;28;19.29;;;;;;
22/1/2018 00:00;28;19.42;;;;;;
23/1/2018 00:00;28;19.66;;;;;;
24/1/2018 00:00;27,25;19.93;;;;;;
25/1/2018 00:00;27,25;19.85;;;;;;
26/1/2018 00:00;27,25;19.85;;;;;;
29/1/2018 00:00;27,25;19.88;;;;;;
30/1/2018 00:00;27,25;19.9;;;;;;
31/1/2018 00:00;27,25;19.93;1.8;;;;;
1/2/2018 00:00;27,25;19.71;;;;;;
2/2/2018 00:00;27,25;19.81;;;;;;
5/2/2018 00:00;27,25;19.8;;;;;;
6/2/2018 00:00;27,25;19.94;;;;;;
7/2/2018 00:00;27,25;19.95;;;;;;
8/2/2018 00:00;27,25;20.22;;;;;;
9/2/2018 00:00;27,25;20.35;;;;;;
14/2/2018 00:00;27,25;20.23;;;;;;
15/2/2018 00:00;27,25;20.02;;;;;;
16/2/2018 00:00;27,25;20;;;;;;
19/2/2018 00:00;27,25;20.18;;;;;;
20/2/2018 00:00;27,25;20.17;;;;;;
21/2/2018 00:00;27,25;20.21;;;;;;
22/2/2018 00:00;27,25;20.27;;;;;;
23/2/2018 00:00;27,25;20.28;;;;;;
26/2/2018 00:00;27,25;20.48;;;;;;
27/2/2018 00:00;27,25;20.49;;;;;;
28/2/2018 00:00;27,25;20.42;2.4;;;;;
1/3/2018 00:00;27,25;20.46;;;;;;
2/3/2018 00:00;27,25;20.54;;;;;;
5/3/2018 00:00;27,25;20.52;;;;;;
6/3/2018 00:00;27,25;20.61;;;;;;
7/3/2018 00:00;27,25;20.69;;;;;;
8/3/2018 00:00;27,25;20.68;;;;;;
9/3/2018 00:00;27,25;20.54;;;;;;
12/3/2018 00:00;27,25;20.51;;;;;;
13/3/2018 00:00;27,25;20.51;;;;;;
14/3/2018 00:00;27,25;20.52;;;;;;
15/3/2018 00:00;27,25;20.61;;;;;;
16/3/2018 00:00;27,25;20.53;;;;;;
19/3/2018 00:00;27,25;20.54;;;;;;
20/3/2018 00:00;27,25;20.55;;;;;;
21/3/2018 00:00;27,25;20.6;;;;;;
22/3/2018 00:00;27,25;20.57;;;;;;
23/3/2018 00:00;27,25;20.5;;;;;;
26/3/2018 00:00;27,25;20.47;;;;;;
27/3/2018 00:00;27,25;20.48;;;;;;
28/3/2018 00:00;27,25;20.44;;;;;;
31/3/2018 00:00;;;2.3;;;;;
3/4/2018 00:00;27,25;20.44;;;;;;
4/4/2018 00:00;27,25;20.49;;;;;;
5/4/2018 00:00;27,25;20.5;;;;;;
6/4/2018 00:00;27,25;20.5;;;;;;
9/4/2018 00:00;27,25;20.5;;;;;;
10/4/2018 00:00;27,25;20.5;;;;;;
11/4/2018 00:00;27,25;20.47;;;;;;
12/4/2018 00:00;27,25;20.48;;;;;;
13/4/2018 00:00;27,25;20.5;;;;;;
16/4/2018 00:00;27,25;20.51;;;;;;
17/4/2018 00:00;27,25;20.49;;;;;;
18/4/2018 00:00;27,25;20.45;;;;;;
19/4/2018 00:00;27,25;20.47;;;;;;
20/4/2018 00:00;27,25;20.48;;;;;;
23/4/2018 00:00;27,25;20.51;;;;;;
24/4/2018 00:00;27,25;20.54;;;;;;
25/4/2018 00:00;27,25;20.56;;;;;;
26/4/2018 00:00;27,25;20.84;;;;;;
27/4/2018 00:00;30,25;20.88;;;;;;
30/4/2018 00:00;;;2.7;;;;;
2/5/2018 00:00;30,25;21.52;;;;;;
3/5/2018 00:00;33,25;22.99;;;;;;
4/5/2018 00:00;40;22.28;;;;;;
7/5/2018 00:00;40;22.33;;;;;;
8/5/2018 00:00;40;22.9;;;;;;
9/5/2018 00:00;40;23.13;;;;;;
10/5/2018 00:00;40;23.22;;;;;;
11/5/2018 00:00;40;23.73;;;;;;
14/5/2018 00:00;40;25.51;;;;;;
15/5/2018 00:00;40;24.68;;;;;;
16/5/2018 00:00;40;24.8;;;;;;
17/5/2018 00:00;40;24.89;;;;;;
18/5/2018 00:00;40;25.05;;;;;;
21/5/2018 00:00;40;24.9;;;;;;
22/5/2018 00:00;40;24.86;;;;;;
23/5/2018 00:00;40;24.99;;;;;;
24/5/2018 00:00;40;25.16;;;;;;
28/5/2018 00:00;40;25.25;;;;;;
29/5/2018 00:00;40;25.47;;;;;;
30/5/2018 00:00;40;25.49;;;;;;
31/5/2018 00:00;40;25.51;2.1;;;;;
1/6/2018 00:00;40;25.57;;;;;;
4/6/2018 00:00;40;25.55;;;;;;
5/6/2018 00:00;40;25.55;;;;;;
6/6/2018 00:00;40;25.47;;;;;;
7/6/2018 00:00;40;25.54;;;;;;
8/6/2018 00:00;40;25.95;;;;;;
11/6/2018 00:00;40;26.44;;;;;;
12/6/2018 00:00;40;26.38;;;;;;
13/6/2018 00:00;40;26.69;;;;;;
14/6/2018 00:00;40;28.43;;;;;;
15/6/2018 00:00;40;28.85;;;;;;
18/6/2018 00:00;40;28.41;;;;;;
19/6/2018 00:00;40;28.46;;;;;;
21/6/2018 00:00;40;28.19;;;;;;
22/6/2018 00:00;40;27.76;;;;;;
25/6/2018 00:00;40;27.66;;;;;;
26/6/2018 00:00;40;27.73;;;;;;
27/6/2018 00:00;40;28.05;;;;;;
28/6/2018 00:00;40;28.68;;;;;;
29/6/2018 00:00;40;29.57;;;;;;
30/6/2018 00:00;;;3.7;;;;;
2/7/2018 00:00;40;29.04;;;;;;
3/7/2018 00:00;40;28.67;;;;;;
4/7/2018 00:00;40;28.78;;;;;;
5/7/2018 00:00;40;28.75;;;;;;
6/7/2018 00:00;40;28.62;;;;;;
10/7/2018 00:00;40;28.05;;;;;;
11/7/2018 00:00;40;28.19;;;;;;
12/7/2018 00:00;40;27.92;;;;;;
13/7/2018 00:00;40;27.94;;;;;;
16/7/2018 00:00;40;28;;;;;;
17/7/2018 00:00;40;28.16;;;;;;
18/7/2018 00:00;40;28.32;;;;;;
19/7/2018 00:00;40;28.36;;;;;;
20/7/2018 00:00;40;28.27;;;;;;
23/7/2018 00:00;40;28.27;;;;;;
24/7/2018 00:00;40;28.14;;;;;;
25/7/2018 00:00;40;28.03;;;;;;
26/7/2018 00:00;40;28.04;;;;;;
27/7/2018 00:00;40;28.01;;;;;;
30/7/2018 00:00;40;28.02;;;;;;
31/7/2018 00:00;40;28.03;3.1;;;;;
1/8/2018 00:00;40;28.23;;;;;;
2/8/2018 00:00;40;28.17;;;;;;
3/8/2018 00:00;40;28.01;;;;;;
6/8/2018 00:00;40;28.04;;;;;;
7/8/2018 00:00;40;28.03;;;;;;
8/8/2018 00:00;40;28.23;;;;;;
9/8/2018 00:00;40;28.7;;;;;;
10/8/2018 00:00;40;29.8;;;;;;
13/8/2018 00:00;45;30.68;;;;;;
14/8/2018 00:00;45;30.38;;;;;;
15/8/2018 00:00;45;30.68;;;;;;
16/8/2018 00:00;45;30.39;;;;;;
17/8/2018 00:00;45;30.43;;;;;;
21/8/2018 00:00;45;30.55;;;;;;
22/8/2018 00:00;45;30.82;;;;;;
23/8/2018 00:00;45;30.98;;;;;;
24/8/2018 00:00;45;31.47;;;;;;
27/8/2018 00:00;45;31.54;;;;;;
28/8/2018 00:00;45;32.06;;;;;;
29/8/2018 00:00;45;34.4;;;;;;
30/8/2018 00:00;60;39.78;;;;;;
31/8/2018 00:00;60;38;3.9;;;;;
3/9/2018 00:00;60;38.99;;;;;;
4/9/2018 00:00;60;39.69;;;;;;
5/9/2018 00:00;60;39.25;;;;;;
6/9/2018 00:00;60;38.32;;;;;;
7/9/2018 00:00;60;37.81;;;;;;
10/9/2018 00:00;60;38.18;;;;;;
11/9/2018 00:00;60;38.71;;;;;;
12/9/2018 00:00;60;39.08;;;;;;
13/9/2018 00:00;60;40.22;;;;;;
14/9/2018 00:00;60;40.51;;;;;;
17/9/2018 00:00;60;40.41;;;;;;
18/9/2018 00:00;60;40.5;;;;;;
19/9/2018 00:00;60;40.12;;;;;;
20/9/2018 00:00;60;38.98;;;;;;
21/9/2018 00:00;60;38.14;;;;;;
24/9/2018 00:00;60;38.18;;;;;;
25/9/2018 00:00;60;38.88;;;;;;
26/9/2018 00:00;60;39.44;;;;;;
27/9/2018 00:00;60;40.53;;;;;;
28/9/2018 00:00;65;41.89;;;;;;
30/9/2018 00:00;;;6.5;;;;;
1/10/2018 00:00;67,18;40.74;;;;;;
2/10/2018 00:00;69,47;39.07;;;;;;
3/10/2018 00:00;71,27;38.73;;;;;;
4/10/2018 00:00;72,83;39.45;;;;;;
5/10/2018 00:00;73,31;38.91;;;;;;
8/10/2018 00:00;73,52;38.56;;;;;;
9/10/2018 00:00;72,6;38.18;;;;;;
10/10/2018 00:00;72,41;38.17;;;;;;
11/10/2018 00:00;72,73;37.77;;;;;;
12/10/2018 00:00;72;37.6;;;;;;
16/10/2018 00:00;72,2;37.11;;;;;;
17/10/2018 00:00;72,66;37.29;;;;;;
18/10/2018 00:00;72,54;37.51;;;;;;
19/10/2018 00:00;72,88;37.53;;;;;;
22/10/2018 00:00;71,73;37.42;;;;;;
23/10/2018 00:00;71,39;37.58;;;;;;
24/10/2018 00:00;71,87;37.88;;;;;;
25/10/2018 00:00;71,94;37.79;;;;;;
26/10/2018 00:00;71,76;37.85;;;;;;
29/10/2018 00:00;70,63;37.77;;;;;;
30/10/2018 00:00;70,05;37.78;;;;;;
31/10/2018 00:00;68,05;36.98;5.4;;;;;
1/11/2018 00:00;68,8;36.78;;;;;;
2/11/2018 00:00;68,52;36.6;;;;;;
5/11/2018 00:00;68,2;36.6;;;;;;
7/11/2018 00:00;67,43;36.72;;;;;;
8/11/2018 00:00;67,13;36.53;;;;;;
9/11/2018 00:00;66,65;36.38;;;;;;
12/11/2018 00:00;65,77;36.42;;;;;;
13/11/2018 00:00;65,04;36.97;;;;;;
14/11/2018 00:00;63,29;37;;;;;;
15/11/2018 00:00;62,5;36.98;;;;;;
16/11/2018 00:00;62,21;36.98;;;;;;
20/11/2018 00:00;62,12;37.17;;;;;;
21/11/2018 00:00;61,95;37.25;;;;;;
22/11/2018 00:00;61,7;37.43;;;;;;
23/11/2018 00:00;61,41;38.51;;;;;;
26/11/2018 00:00;61,24;39.97;;;;;;
27/11/2018 00:00;61,25;39.58;;;;;;
28/11/2018 00:00;61,2;39.54;;;;;;
29/11/2018 00:00;60,75;38.81;;;;;;
30/11/2018 00:00;;;3.2;;;;;
3/12/2018 00:00;60,28;37.62;;;;;;
4/12/2018 00:00;60;38.32;;;;;;
5/12/2018 00:00;59,1;38.68;;;;;;
6/12/2018 00:00;59,01;38.67;;;;;;
7/12/2018 00:00;59,16;38.31;;;;;;
10/12/2018 00:00;59,23;38.75;;;;;;
11/12/2018 00:00;58,97;38.75;;;;;;
12/12/2018 00:00;59,13;38.62;;;;;;
13/12/2018 00:00;59,16;38.8;;;;;;
14/12/2018 00:00;59,08;39.03;;;;;;
17/12/2018 00:00;59,41;39.22;;;;;;
18/12/2018 00:00;59,44;39.19;;;;;;
19/12/2018 00:00;59,45;39.33;;;;;;
20/12/2018 00:00;59,58;39.05;;;;;;
21/12/2018 00:00;59,38;39.03;;;;;;
26/12/2018 00:00;59,36;39.48;;;;;;
27/12/2018 00:00;59,39;39.4;;;;;;
28/12/2018 00:00;59,25;38.85;;;;;;
31/12/2018 00:00;;;2.6;;;;;
2/1/2019 00:00;59,25;38.74;;;;;;
3/1/2019 00:00;59,25;38.51;;;;;;
4/1/2019 00:00;59,29;38.41;;;;;;
7/1/2019 00:00;58,96;38.4;;;;;;
8/1/2019 00:00;58,8;38.63;;;;;;
9/1/2019 00:00;58,78;38.5;;;;;;
10/1/2019 00:00;58,46;38.16;;;;;;
11/1/2019 00:00;58,11;38.03;;;;;;
14/1/2019 00:00;57,8;38.06;;;;;;
15/1/2019 00:00;57,61;38.2;;;;;;
16/1/2019 00:00;57,54;38.47;;;;;;
17/1/2019 00:00;57,32;38.74;;;;;;
18/1/2019 00:00;57,25;38.56;;;;;;
21/1/2019 00:00;57,13;38.69;;;;;;
22/1/2019 00:00;56,94;38.53;;;;;;
23/1/2019 00:00;56,87;38.58;;;;;;
24/1/2019 00:00;56,7;38.48;;;;;;
25/1/2019 00:00;56,6;38.19;;;;;;
28/1/2019 00:00;56,31;38.14;;;;;;
29/1/2019 00:00;55,64;38.57;;;;;;
30/1/2019 00:00;54,89;38.59;;;;;;
31/1/2019 00:00;53,69;38.28;2.9;;;;;
1/2/2019 00:00;52,44;38.31;;;;;;
4/2/2019 00:00;51,3;38.26;;;;;;
5/2/2019 00:00;50,02;38.25;;;;;;
6/2/2019 00:00;48,82;38.4;;;;;;
7/2/2019 00:00;47,55;38.91;;;;;;
8/2/2019 00:00;46,24;38.9;;;;;;
11/2/2019 00:00;45,16;39.07;;;;;;
12/2/2019 00:00;44,36;38.94;;;;;;
13/2/2019 00:00;43,97;39.2;;;;;;
14/2/2019 00:00;43,94;39.3;;;;;;
15/2/2019 00:00;44,21;39.51;;;;;;
18/2/2019 00:00;44,31;39.8;;;;;;
19/2/2019 00:00;44,49;40.32;;;;;;
20/2/2019 00:00;46,01;40.71;;;;;;
21/2/2019 00:00;49,03;40.54;;;;;;
22/2/2019 00:00;49,52;40.21;;;;;;
25/2/2019 00:00;49,83;40.01;;;;;;
26/2/2019 00:00;50,07;39.95;;;;;;
27/2/2019 00:00;49,98;39.83;;;;;;
28/2/2019 00:00;50,13;40.14;3.8;;;;;
1/3/2019 00:00;50,22;40.84;;;;;;
6/3/2019 00:00;50,55;41.71;;;;;;
7/3/2019 00:00;51,86;43.41;;;;;;
8/3/2019 00:00;57,89;42.27;;;;;;
11/3/2019 00:00;59,86;42.29;;;;;;
12/3/2019 00:00;62,12;42.52;;;;;;
13/3/2019 00:00;63,33;42.3;;;;;;
14/3/2019 00:00;63,66;41.76;;;;;;
15/3/2019 00:00;63,74;41.13;;;;;;
18/3/2019 00:00;63,71;41.02;;;;;;
19/3/2019 00:00;63,87;41.59;;;;;;
20/3/2019 00:00;64,89;41.95;;;;;;
21/3/2019 00:00;65,76;42.02;;;;;;
22/3/2019 00:00;66,66;42.86;;;;;;
25/3/2019 00:00;66,83;42.99;;;;;;
26/3/2019 00:00;66,93;43.67;;;;;;
27/3/2019 00:00;67,76;44.92;;;;;;
28/3/2019 00:00;68,35;44.65;;;;;;
29/3/2019 00:00;68,16;44.4;;;;;;
31/3/2019 00:00;;;4.7;;;;;
1/4/2019 00:00;68,15;43.86;;;;;;
3/4/2019 00:00;67,98;43.84;;;;;;
4/4/2019 00:00;67,69;44.41;;;;;;
5/4/2019 00:00;67,38;44.96;;;;;;
8/4/2019 00:00;67,17;44.84;;;;;;
9/4/2019 00:00;66,94;44.5;;;;;;
10/4/2019 00:00;66,76;44.07;;;;;;
11/4/2019 00:00;66,81;43.87;;;;;;
12/4/2019 00:00;66,86;43.29;;;;;;
15/4/2019 00:00;66,85;42.65;;;;;;
16/4/2019 00:00;66,79;43.38;;;;;;
17/4/2019 00:00;67,12;42.98;;;;;;
22/4/2019 00:00;67,87;43.69;;;;;;
23/4/2019 00:00;67,89;43.52;;;;;;
24/4/2019 00:00;68,37;44.92;;;;;;
25/4/2019 00:00;71,04;46.09;;;;;;
26/4/2019 00:00;71,87;46.9;;;;;;
29/4/2019 00:00;73,19;45.6;;;;;;
30/4/2019 00:00;73,93;45.36;3.4;;;;;
2/5/2019 00:00;74,07;46.02;;;;;;
3/5/2019 00:00;73,77;45.55;;;;;;
6/5/2019 00:00;73,53;45.93;;;;;;
7/5/2019 00:00;73,24;46.36;;;;;;
8/5/2019 00:00;72,88;46.33;;;;;;
9/5/2019 00:00;72,48;46.49;;;;;;
10/5/2019 00:00;72,05;46.04;;;;;;
13/5/2019 00:00;71,74;46.39;;;;;;
14/5/2019 00:00;71,63;46.16;;;;;;
15/5/2019 00:00;71,6;46.16;;;;;;
16/5/2019 00:00;71,57;46;;;;;;
17/5/2019 00:00;71,48;46.2;;;;;;
20/5/2019 00:00;71,44;46.42;;;;;;
21/5/2019 00:00;71,22;46.04;;;;;;
22/5/2019 00:00;70,99;46.05;;;;;;
23/5/2019 00:00;70,89;46.26;;;;;;
24/5/2019 00:00;70,9;46.06;;;;;;
27/5/2019 00:00;70,82;46.09;;;;;;
28/5/2019 00:00;70,79;45.88;;;;;;
29/5/2019 00:00;70,75;45.78;;;;;;
30/5/2019 00:00;70,75;45.64;;;;;;
31/5/2019 00:00;70,73;46.1;3.1;;;;;
3/6/2019 00:00;70,69;46.13;;;;;;
4/6/2019 00:00;70,53;45.96;;;;;;
5/6/2019 00:00;70,28;46.08;;;;;;
6/6/2019 00:00;69,97;46.12;;;;;;
7/6/2019 00:00;69,61;46.12;;;;;;
10/6/2019 00:00;69,24;46.14;;;;;;
11/6/2019 00:00;68,89;45.94;;;;;;
12/6/2019 00:00;67,98;44.88;;;;;;
13/6/2019 00:00;67,31;44.62;;;;;;
14/6/2019 00:00;66,66;45.17;;;;;;
18/6/2019 00:00;66,11;44.71;;;;;;
19/6/2019 00:00;65,44;44.5;;;;;;
21/6/2019 00:00;64,62;44.08;;;;;;
24/6/2019 00:00;63,84;43.67;;;;;;
25/6/2019 00:00;63,03;43.48;;;;;;
26/6/2019 00:00;62,6;43.95;;;;;;
27/6/2019 00:00;62,6;43.94;;;;;;
28/6/2019 00:00;62,69;43.7;;;;;;
30/6/2019 00:00;;;2.7;;;;;
1/7/2019 00:00;62,08;43.48;;;;;;
2/7/2019 00:00;61,38;43.45;;;;;;
3/7/2019 00:00;60,8;43.25;;;;;;
4/7/2019 00:00;60,34;42.89;;;;;;
5/7/2019 00:00;59,9;43.1;;;;;;
10/7/2019 00:00;59,48;43.09;;;;;;
11/7/2019 00:00;59,16;42.91;;;;;;
12/7/2019 00:00;59,01;42.85;;;;;;
15/7/2019 00:00;58,83;43.41;;;;;;
16/7/2019 00:00;58,8;43.78;;;;;;
17/7/2019 00:00;58,74;43.71;;;;;;
18/7/2019 00:00;58,72;43.61;;;;;;
19/7/2019 00:00;58,71;43.62;;;;;;
22/7/2019 00:00;58,78;43.61;;;;;;
23/7/2019 00:00;58,91;43.87;;;;;;
24/7/2019 00:00;59,01;44.06;;;;;;
25/7/2019 00:00;59,23;44.56;;;;;;
26/7/2019 00:00;59,59;44.52;;;;;;
29/7/2019 00:00;59,99;44.93;;;;;;
30/7/2019 00:00;60,27;45.06;;;;;;
31/7/2019 00:00;60,4;45.02;2.2;;;;;
1/8/2019 00:00;60,65;45.55;;;;;;
2/8/2019 00:00;61,01;45.89;;;;;;
5/8/2019 00:00;61,59;46.69;;;;;;
6/8/2019 00:00;62,28;46.48;;;;;;
7/8/2019 00:00;62,93;46.8;;;;;;
8/8/2019 00:00;63,38;46.47;;;;;;
9/8/2019 00:00;63,71;46.55;;;;;;
12/8/2019 00:00;74,78;57.3;;;;;;
13/8/2019 00:00;74,85;58.33;;;;;;
14/8/2019 00:00;74,93;62.18;;;;;;
15/8/2019 00:00;74,96;59.72;;;;;;
16/8/2019 00:00;74,97;58.12;;;;;;
20/8/2019 00:00;74,96;57.38;;;;;;
21/8/2019 00:00;74,98;57.27;;;;;;
22/8/2019 00:00;74,98;57.24;;;;;;
23/8/2019 00:00;74,98;57.31;;;;;;
26/8/2019 00:00;74,99;57.21;;;;;;
27/8/2019 00:00;74,99;58.66;;;;;;
28/8/2019 00:00;74,98;60.17;;;;;;
29/8/2019 00:00;78,21;60.3;;;;;;
30/8/2019 00:00;83,26;62.04;;;;;;
31/8/2019 00:00;;;4;;;;;
2/9/2019 00:00;85,28;58.41;;;;;;
3/9/2019 00:00;85,73;58.49;;;;;;
4/9/2019 00:00;85,8;58.06;;;;;;
5/9/2019 00:00;85,8;58.21;;;;;;
6/9/2019 00:00;85,83;58.02;;;;;;
9/9/2019 00:00;85,98;58.15;;;;;;
10/9/2019 00:00;85,99;58.13;;;;;;
11/9/2019 00:00;85,99;58.24;;;;;;
12/9/2019 00:00;85,99;58.41;;;;;;
13/9/2019 00:00;84,15;58.44;;;;;;
16/9/2019 00:00;84,01;58.77;;;;;;
17/9/2019 00:00;83,46;59.07;;;;;;
18/9/2019 00:00;83,21;59.15;;;;;;
19/9/2019 00:00;82,79;59.07;;;;;;
20/9/2019 00:00;82,25;59.08;;;;;;
23/9/2019 00:00;81,78;59.32;;;;;;
24/9/2019 00:00;81,32;59.34;;;;;;
25/9/2019 00:00;80,83;59.34;;;;;;
26/9/2019 00:00;79,99;59.51;;;;;;
27/9/2019 00:00;79,21;59.56;;;;;;
30/9/2019 00:00;78,37;59.82;5.9;;;;;
1/10/2019 00:00;77,71;60.1;;;;;;
2/10/2019 00:00;76,99;60.22;;;;;;
3/10/2019 00:00;75,98;60.23;;;;;;
4/10/2019 00:00;74,98;60.09;;;;;;
7/10/2019 00:00;72,97;60.19;;;;;;
8/10/2019 00:00;71,92;60.24;;;;;;
9/10/2019 00:00;70,99;60.3;;;;;;
10/10/2019 00:00;69,49;60.31;;;;;;
11/10/2019 00:00;68,02;60.31;;;;;;
15/10/2019 00:00;68;60.44;;;;;;
16/10/2019 00:00;68;60.54;;;;;;
17/10/2019 00:00;68;60.59;;;;;;
18/10/2019 00:00;68;60.73;;;;;;
21/10/2019 00:00;68;61;;;;;;
22/10/2019 00:00;68;61.33;;;;;;
23/10/2019 00:00;68;62.37;;;;;;
24/10/2019 00:00;68;63.34;;;;;;
25/10/2019 00:00;68;65;;;;;;
28/10/2019 00:00;68;63.46;;;;;;
29/10/2019 00:00;68;63.42;;;;;;
30/10/2019 00:00;68;63.43;;;;;;
31/10/2019 00:00;68;63.23;3.3;;;;;
1/11/2019 00:00;67,03;63.35;;;;;;
4/11/2019 00:00;65,93;63.33;;;;;;
5/11/2019 00:00;64,94;63.26;;;;;;
7/11/2019 00:00;64,01;63.22;;;;;;
8/11/2019 00:00;63,21;63.05;;;;;;
11/11/2019 00:00;63,05;63.07;;;;;;
12/11/2019 00:00;63,01;62.99;;;;;;
13/11/2019 00:00;63,01;63;;;;;;
14/11/2019 00:00;63;62.97;;;;;;
15/11/2019 00:00;63;62.93;;;;;;
19/11/2019 00:00;63;62.9;;;;;;
20/11/2019 00:00;63;62.9;;;;;;
21/11/2019 00:00;63;62.91;;;;;;
22/11/2019 00:00;63;62.9;;;;;;
25/11/2019 00:00;63;62.91;;;;;;
26/11/2019 00:00;63;62.87;;;;;;
27/11/2019 00:00;63;62.87;;;;;;
28/11/2019 00:00;63;62.88;;;;;;
29/11/2019 00:00;63;62.93;;;;;;
30/11/2019 00:00;;;4.3;;;;;
2/12/2019 00:00;63;62.93;;;;;;
3/12/2019 00:00;63;62.9;;;;;;
4/12/2019 00:00;63;62.94;;;;;;
5/12/2019 00:00;63;62.94;;;;;;
6/12/2019 00:00;63;62.94;;;;;;
9/12/2019 00:00;63;62.99;;;;;;
10/12/2019 00:00;63;63.04;;;;;;
11/12/2019 00:00;63;63.08;;;;;;
12/12/2019 00:00;63;63.09;;;;;;
13/12/2019 00:00;63;63.07;;;;;;
16/12/2019 00:00;63;63.09;;;;;;
17/12/2019 00:00;63;63.09;;;;;;
18/12/2019 00:00;63;63.08;;;;;;
19/12/2019 00:00;63;63.08;;;;;;
20/12/2019 00:00;58;62.99;;;;;;
23/12/2019 00:00;58;63;;;;;;
26/12/2019 00:00;58;62.99;;;;;;
27/12/2019 00:00;55;62.99;;;;;;
30/12/2019 00:00;55;62.99;;;;;;
31/12/2019 00:00;;;3.7;;;;;
2/1/2020 00:00;55;63;;;;;;
3/1/2020 00:00;55;62.98;;;;;;
6/1/2020 00:00;55;62.99;;;;;;
7/1/2020 00:00;55;62.99;;;;;;
8/1/2020 00:00;55;62.99;;;;;;
9/1/2020 00:00;55;62.98;;;;;;
10/1/2020 00:00;52;62.96;;;;;;
13/1/2020 00:00;52;62.96;;;;;;
14/1/2020 00:00;52;62.97;;;;;;
15/1/2020 00:00;52;62.98;;;;;;
16/1/2020 00:00;52;62.97;;;;;;
17/1/2020 00:00;50;62.97;;;;;;
20/1/2020 00:00;50;62.97;;;;;;
21/1/2020 00:00;50;62.98;;;;;;
22/1/2020 00:00;50;62.98;;;;;;
23/1/2020 00:00;50;62.98;;;;;;
24/1/2020 00:00;50;62.98;;;;;;
27/1/2020 00:00;50;62.97;;;;;;
28/1/2020 00:00;50;63.07;;;;;;
29/1/2020 00:00;50;62.97;;;;;;
30/1/2020 00:00;50;62.97;;;;;;
31/1/2020 00:00;50;63.03;2.3;;;;;
3/2/2020 00:00;50;63.05;;;;;;
4/2/2020 00:00;48;63.07;;;;;;
5/2/2020 00:00;48;63.1;;;;;;
6/2/2020 00:00;48;63.01;;;;;;
7/2/2020 00:00;48;63.05;;;;;;
10/2/2020 00:00;48;63.31;;;;;;
11/2/2020 00:00;48;63.46;;;;;;
12/2/2020 00:00;48;63.62;;;;;;
13/2/2020 00:00;48;63.66;;;;;;
14/2/2020 00:00;48;63.73;;;;;;
17/2/2020 00:00;48;63.78;;;;;;
18/2/2020 00:00;44;63.66;;;;;;
19/2/2020 00:00;44;63.71;;;;;;
20/2/2020 00:00;40;63.87;;;;;;
21/2/2020 00:00;40;63.99;;;;;;
26/2/2020 00:00;40;64.09;;;;;;
27/2/2020 00:00;40;64.03;;;;;;
28/2/2020 00:00;40;64.26;;;;;;
29/2/2020 00:00;;;2;;;;;
2/3/2020 00:00;40;64.39;;;;;;
3/3/2020 00:00;40;64.51;;;;;;
4/3/2020 00:00;40;64.53;;;;;;
5/3/2020 00:00;40;64.41;;;;;;
6/3/2020 00:00;40;64.71;;;;;;
9/3/2020 00:00;40;64.71;;;;;;
10/3/2020 00:00;38;64.72;;;;;;
11/3/2020 00:00;38;64.74;;;;;;
12/3/2020 00:00;38;65.02;;;;;;
13/3/2020 00:00;38;65.05;;;;;;
16/3/2020 00:00;38;65.09;;;;;;
17/3/2020 00:00;38;64.96;;;;;;
18/3/2020 00:00;38;65.46;;;;;;
19/3/2020 00:00;38;65.59;;;;;;
20/3/2020 00:00;38;65.91;;;;;;
25/3/2020 00:00;38;65.85;;;;;;
26/3/2020 00:00;38;66.13;;;;;;
27/3/2020 00:00;38;66.44;;;;;;
30/3/2020 00:00;38;66.58;;;;;;
31/3/2020 00:00;;;3.3;;;;;
1/4/2020 00:00;38;66.61;;;;;;
2/4/2020 00:00;38;66.51;;;;;;
3/4/2020 00:00;38;66.85;;;;;;
6/4/2020 00:00;38;66.97;;;;;;
7/4/2020 00:00;38;67.09;;;;;;
8/4/2020 00:00;38;67.07;;;;;;
13/4/2020 00:00;38;67.43;;;;;;
14/4/2020 00:00;38;67.53;;;;;;
15/4/2020 00:00;38;67.6;;;;;;
16/4/2020 00:00;38;67.87;;;;;;
17/4/2020 00:00;38;67.96;;;;;;
20/4/2020 00:00;38;67.96;;;;;;
21/4/2020 00:00;38;68.34;;;;;;
22/4/2020 00:00;38;68.43;;;;;;
23/4/2020 00:00;38;68.44;;;;;;
24/4/2020 00:00;38;68.69;;;;;;
27/4/2020 00:00;38;68.89;;;;;;
28/4/2020 00:00;38;68.97;;;;;;
29/4/2020 00:00;38;69.07;;;;;;
30/4/2020 00:00;38;69.16;1.5;;;;;
4/5/2020 00:00;38;69.16;;;;;;
5/5/2020 00:00;38;69.31;;;;;;
6/5/2020 00:00;38;69.47;;;;;;
7/5/2020 00:00;38;69.54;;;;;;
8/5/2020 00:00;38;69.63;;;;;;
11/5/2020 00:00;38;69.63;;;;;;
12/5/2020 00:00;38;69.66;;;;;;
13/5/2020 00:00;38;69.84;;;;;;
14/5/2020 00:00;38;70.05;;;;;;
15/5/2020 00:00;38;70.06;;;;;;
18/5/2020 00:00;38;70.26;;;;;;
19/5/2020 00:00;38;70.32;;;;;;
20/5/2020 00:00;38;70.33;;;;;;
21/5/2020 00:00;38;70.38;;;;;;
22/5/2020 00:00;38;70.58;;;;;;
26/5/2020 00:00;38;70.61;;;;;;
27/5/2020 00:00;38;70.63;;;;;;
28/5/2020 00:00;38;70.69;;;;;;
29/5/2020 00:00;38;70.76;;;;;;
31/5/2020 00:00;;;1.5;;;;;
1/6/2020 00:00;38;70.72;;;;;;
2/6/2020 00:00;38;71.01;;;;;;
3/6/2020 00:00;38;70.92;;;;;;
4/6/2020 00:00;38;71.15;;;;;;
5/6/2020 00:00;38;71.48;;;;;;
8/6/2020 00:00;38;71.88;;;;;;
9/6/2020 00:00;38;72.04;;;;;;
10/6/2020 00:00;38;72.2;;;;;;
11/6/2020 00:00;38;72.34;;;;;;
12/6/2020 00:00;38;72.5;;;;;;
16/6/2020 00:00;38;72.68;;;;;;
17/6/2020 00:00;38;72.86;;;;;;
18/6/2020 00:00;38;72.98;;;;;;
19/6/2020 00:00;38;73.08;;;;;;
22/6/2020 00:00;38;73.13;;;;;;
23/6/2020 00:00;38;73.44;;;;;;
24/6/2020 00:00;38;73.51;;;;;;
25/6/2020 00:00;38;73.53;;;;;;
26/6/2020 00:00;38;73.56;;;;;;
29/6/2020 00:00;38;73.86;;;;;;
30/6/2020 00:00;38;74.07;2.2;;;;;
1/7/2020 00:00;38;74.13;;;;;;
2/7/2020 00:00;38;74.18;;;;;;
3/7/2020 00:00;38;74.32;;;;;;
6/7/2020 00:00;38;74.61;;;;;;
7/7/2020 00:00;38;74.64;;;;;;
8/7/2020 00:00;38;74.72;;;;;;
13/7/2020 00:00;38;74.99;;;;;;
14/7/2020 00:00;38;75.09;;;;;;
15/7/2020 00:00;38;75.21;;;;;;
16/7/2020 00:00;38;75.21;;;;;;
17/7/2020 00:00;38;75.25;;;;;;
20/7/2020 00:00;38;75.56;;;;;;
21/7/2020 00:00;38;75.64;;;;;;
22/7/2020 00:00;38;75.66;;;;;;
23/7/2020 00:00;38;75.86;;;;;;
24/7/2020 00:00;38;75.92;;;;;;
27/7/2020 00:00;38;76;;;;;;
28/7/2020 00:00;38;76.1;;;;;;
29/7/2020 00:00;38;76.06;;;;;;
30/7/2020 00:00;38;76.27;;;;;;
31/7/2020 00:00;38;76.39;1.9;;;;;
3/8/2020 00:00;38;76.64;;;;;;
4/8/2020 00:00;38;76.69;;;;;;
5/8/2020 00:00;38;76.89;;;;;;
6/8/2020 00:00;38;76.89;;;;;;
7/8/2020 00:00;38;76.91;;;;;;
10/8/2020 00:00;38;77.13;;;;;;
11/8/2020 00:00;38;77.17;;;;;;
12/8/2020 00:00;38;77.32;;;;;;
13/8/2020 00:00;38;77.42;;;;;;
14/8/2020 00:00;38;77.39;;;;;;
18/8/2020 00:00;38;77.54;;;;;;
19/8/2020 00:00;38;77.7;;;;;;
20/8/2020 00:00;38;77.77;;;;;;
21/8/2020 00:00;38;77.8;;;;;;
24/8/2020 00:00;38;77.95;;;;;;
25/8/2020 00:00;38;77.94;;;;;;
26/8/2020 00:00;38;77.95;;;;;;
27/8/2020 00:00;38;78.13;;;;;;
28/8/2020 00:00;38;78.18;;;;;;
31/8/2020 00:00;38;78.36;2.7;;;;;
1/9/2020 00:00;38;78.5;;;;;;
2/9/2020 00:00;38;78.63;;;;;;
3/9/2020 00:00;38;78.63;;;;;;
4/9/2020 00:00;38;78.64;;;;;;
7/9/2020 00:00;38;78.94;;;;;;
8/9/2020 00:00;38;79.03;;;;;;
9/9/2020 00:00;38;79.05;;;;;;
10/9/2020 00:00;38;79.07;;;;;;
11/9/2020 00:00;38;79.13;;;;;;
14/9/2020 00:00;38;79.24;;;;;;
15/9/2020 00:00;38;79.36;;;;;;
16/9/2020 00:00;38;79.55;;;;;;
17/9/2020 00:00;38;79.59;;;;;;
18/9/2020 00:00;38;79.59;;;;;;
21/9/2020 00:00;38;79.71;;;;;;
22/9/2020 00:00;38;79.86;;;;;;
23/9/2020 00:00;38;79.89;;;;;;
24/9/2020 00:00;38;79.99;;;;;;
25/9/2020 00:00;38;80.05;;;;;;
28/9/2020 00:00;38;80.16;;;;;;
29/9/2020 00:00;38;80.24;;;;;;
30/9/2020 00:00;38;80.63;2.8;;;;;
1/10/2020 00:00;38;80.8;;;;;;
2/10/2020 00:00;38;82.44;;;;;;
5/10/2020 00:00;38;82.64;;;;;;
6/10/2020 00:00;38;82.72;;;;;;
7/10/2020 00:00;38;82.72;;;;;;
8/10/2020 00:00;38;82.79;;;;;;
9/10/2020 00:00;38;82.74;;;;;;
13/10/2020 00:00;37;82.93;;;;;;
14/10/2020 00:00;37;82.95;;;;;;
15/10/2020 00:00;37;82.99;;;;;;
16/10/2020 00:00;37;83.2;;;;;;
19/10/2020 00:00;37;83.21;;;;;;
20/10/2020 00:00;36;83.27;;;;;;
21/10/2020 00:00;36;83.32;;;;;;
22/10/2020 00:00;36;83.78;;;;;;
23/10/2020 00:00;36;83.85;;;;;;
26/10/2020 00:00;36;83.9;;;;;;
27/10/2020 00:00;36;83.89;;;;;;
28/10/2020 00:00;36;83.9;;;;;;
29/10/2020 00:00;36;83.9;;;;;;
30/10/2020 00:00;36;83.89;;;;;;
31/10/2020 00:00;;;3.8;;;;;
2/11/2020 00:00;36;84.41;;;;;;
3/11/2020 00:00;36;84.52;;;;;;
4/11/2020 00:00;36;84.62;;;;;;
5/11/2020 00:00;36;84.63;;;;;;
9/11/2020 00:00;36;84.95;;;;;;
10/11/2020 00:00;36;85.03;;;;;;
11/11/2020 00:00;36;85.04;;;;;;
12/11/2020 00:00;36;85.14;;;;;;
13/11/2020 00:00;36;85.27;;;;;;
16/11/2020 00:00;36;85.6;;;;;;
17/11/2020 00:00;38;85.6;;;;;;
18/11/2020 00:00;38;85.57;;;;;;
19/11/2020 00:00;38;85.74;;;;;;
20/11/2020 00:00;38;85.91;;;;;;
24/11/2020 00:00;38;86.13;;;;;;
25/11/2020 00:00;38;86.19;;;;;;
26/11/2020 00:00;38;86.53;;;;;;
27/11/2020 00:00;38;86.61;;;;;;
30/11/2020 00:00;38;86.72;3.2;;;;;
1/12/2020 00:00;38;86.95;;;;;;
2/12/2020 00:00;38;87;;;;;;
3/12/2020 00:00;38;87.14;;;;;;
4/12/2020 00:00;38;87.17;;;;;;
9/12/2020 00:00;38;87.38;;;;;;
10/12/2020 00:00;38;87.84;;;;;;
11/12/2020 00:00;38;87.85;;;;;;
14/12/2020 00:00;38;87.96;;;;;;
15/12/2020 00:00;38;88.12;;;;;;
16/12/2020 00:00;38;88.13;;;;;;
17/12/2020 00:00;38;88.18;;;;;;
18/12/2020 00:00;38;88.26;;;;;;
21/12/2020 00:00;38;88.76;;;;;;
22/12/2020 00:00;38;88.8;;;;;;
23/12/2020 00:00;38;88.92;;;;;;
28/12/2020 00:00;38;89.24;;;;;;
29/12/2020 00:00;38;89.7;;;;;;
30/12/2020 00:00;38;89.87;;;;;;
31/12/2020 00:00;;;4;;;;;
4/1/2021 00:00;38;90.22;;;;;;
5/1/2021 00:00;38;90.55;;;;;;
6/1/2021 00:00;38;90.55;;;;;;
7/1/2021 00:00;38;90.73;;;;;;
8/1/2021 00:00;38;90.79;;;;;;
11/1/2021 00:00;38;90.99;;;;;;
12/1/2021 00:00;38;91.07;;;;;;
13/1/2021 00:00;38;91.03;;;;;;
14/1/2021 00:00;38;91.19;;;;;;
15/1/2021 00:00;38;91.14;;;;;;
18/1/2021 00:00;38;91.31;;;;;;
19/1/2021 00:00;38;91.77;;;;;;
20/1/2021 00:00;38;91.76;;;;;;
21/1/2021 00:00;38;91.91;;;;;;
22/1/2021 00:00;38;92;;;;;;
25/1/2021 00:00;38;92.35;;;;;;
26/1/2021 00:00;38;92.4;;;;;;
27/1/2021 00:00;38;92.44;;;;;;
28/1/2021 00:00;38;92.58;;;;;;
29/1/2021 00:00;38;92.7;;;;;;
31/1/2021 00:00;;;4;;;;;
1/2/2021 00:00;38;92.99;;;;;;
2/2/2021 00:00;38;93.06;;;;;;
3/2/2021 00:00;38;92.96;;;;;;
4/2/2021 00:00;38;93.19;;;;;;
5/2/2021 00:00;38;93.32;;;;;;
8/2/2021 00:00;38;93.57;;;;;;
9/2/2021 00:00;38;93.58;;;;;;
10/2/2021 00:00;38;93.73;;;;;;
11/2/2021 00:00;38;93.87;;;;;;
12/2/2021 00:00;38;93.95;;;;;;
17/2/2021 00:00;38;94.23;;;;;;
18/2/2021 00:00;38;94.29;;;;;;
19/2/2021 00:00;38;94.4;;;;;;
22/2/2021 00:00;38;94.77;;;;;;
23/2/2021 00:00;38;94.83;;;;;;
24/2/2021 00:00;38;95.02;;;;;;
25/2/2021 00:00;38;95.08;;;;;;
26/2/2021 00:00;38;95.12;;;;;;
28/2/2021 00:00;;;3.6;;;;;
1/3/2021 00:00;38;95.49;;;;;;
2/3/2021 00:00;38;95.67;;;;;;
3/3/2021 00:00;38;95.64;;;;;;
4/3/2021 00:00;38;95.75;;;;;;
5/3/2021 00:00;38;95.69;;;;;;
8/3/2021 00:00;38;96;;;;;;
9/3/2021 00:00;38;96.07;;;;;;
10/3/2021 00:00;38;96.31;;;;;;
11/3/2021 00:00;38;96.45;;;;;;
12/3/2021 00:00;38;96.49;;;;;;
15/3/2021 00:00;38;96.69;;;;;;
16/3/2021 00:00;38;96.81;;;;;;
17/3/2021 00:00;38;96.76;;;;;;
18/3/2021 00:00;38;96.83;;;;;;
19/3/2021 00:00;38;96.98;;;;;;
22/3/2021 00:00;38;97.1;;;;;;
23/3/2021 00:00;38;97.33;;;;;;
25/3/2021 00:00;38;97.45;;;;;;
26/3/2021 00:00;38;97.57;;;;;;
29/3/2021 00:00;38;97.61;;;;;;
30/3/2021 00:00;38;97.61;;;;;;
31/3/2021 00:00;38;97.69;4.8;;;;;
5/4/2021 00:00;38;98.1;;;;;;
6/4/2021 00:00;38;98.1;;;;;;
7/4/2021 00:00;38;98.19;;;;;;
8/4/2021 00:00;38;98.2;;;;;;
9/4/2021 00:00;38;98.21;;;;;;
12/4/2021 00:00;38;98.31;;;;;;
13/4/2021 00:00;38;98.33;;;;;;
14/4/2021 00:00;38;98.32;;;;;;
15/4/2021 00:00;38;98.47;;;;;;
16/4/2021 00:00;38;98.52;;;;;;
19/4/2021 00:00;38;98.59;;;;;;
20/4/2021 00:00;38;98.59;;;;;;
21/4/2021 00:00;38;98.61;;;;;;
22/4/2021 00:00;38;98.64;;;;;;
23/4/2021 00:00;38;98.78;;;;;;
26/4/2021 00:00;38;98.89;;;;;;
27/4/2021 00:00;38;98.89;;;;;;
28/4/2021 00:00;38;98.91;;;;;;
29/4/2021 00:00;38;98.97;;;;;;
30/4/2021 00:00;38;98.9;4.1;;;;;
3/5/2021 00:00;38;99.21;;;;;;
4/5/2021 00:00;38;99.3;;;;;;
5/5/2021 00:00;38;99.33;;;;;;
6/5/2021 00:00;38;99.34;;;;;;
7/5/2021 00:00;38;99.43;;;;;;
10/5/2021 00:00;38;99.5;;;;;;
11/5/2021 00:00;38;99.5;;;;;;
12/5/2021 00:00;38;99.51;;;;;;
13/5/2021 00:00;38;99.51;;;;;;
14/5/2021 00:00;38;99.51;;;;;;
17/5/2021 00:00;38;99.64;;;;;;
18/5/2021 00:00;38;99.64;;;;;;
19/5/2021 00:00;38;99.7;;;;;;
20/5/2021 00:00;38;99.71;;;;;;
21/5/2021 00:00;38;99.71;;;;;;
26/5/2021 00:00;38;99.96;;;;;;
27/5/2021 00:00;38;100.02;;;;;;
28/5/2021 00:00;38;100.04;;;;;;
31/5/2021 00:00;38;100.09;3.3;;;;;
1/6/2021 00:00;38;100.23;;;;;;
2/6/2021 00:00;38;100.26;;;;;;
3/6/2021 00:00;38;100.26;;;;;;
4/6/2021 00:00;38;100.28;;;;;;
7/6/2021 00:00;38;100.37;;;;;;
8/6/2021 00:00;38;100.37;;;;;;
9/6/2021 00:00;38;100.36;;;;;;
10/6/2021 00:00;38;100.37;;;;;;
11/6/2021 00:00;38;100.39;;;;;;
14/6/2021 00:00;38;100.53;;;;;;
15/6/2021 00:00;38;100.67;;;;;;
16/6/2021 00:00;38;100.62;;;;;;
17/6/2021 00:00;38;100.71;;;;;;
18/6/2021 00:00;38;100.71;;;;;;
22/6/2021 00:00;38;100.69;;;;;;
23/6/2021 00:00;38;100.89;;;;;;
24/6/2021 00:00;38;100.89;;;;;;
25/6/2021 00:00;38;100.99;;;;;;
28/6/2021 00:00;38;101.1;;;;;;
29/6/2021 00:00;38;101.14;;;;;;
30/6/2021 00:00;38;101.17;3.2;;;;;
1/7/2021 00:00;38;101.19;;;;;;
2/7/2021 00:00;38;101.19;;;;;;
5/7/2021 00:00;38;101.28;;;;;;
6/7/2021 00:00;38;101.33;;;;;;
7/7/2021 00:00;38;101.34;;;;;;
8/7/2021 00:00;38;101.35;;;;;;
12/7/2021 00:00;38;101.42;;;;;;
13/7/2021 00:00;38;101.48;;;;;;
14/7/2021 00:00;38;101.63;;;;;;
15/7/2021 00:00;38;101.64;;;;;;
16/7/2021 00:00;38;101.65;;;;;;
19/7/2021 00:00;38;101.72;;;;;;
20/7/2021 00:00;38;101.75;;;;;;
21/7/2021 00:00;38;101.76;;;;;;
22/7/2021 00:00;38;101.69;;;;;;
23/7/2021 00:00;38;101.75;;;;;;
26/7/2021 00:00;38;101.82;;;;;;
27/7/2021 00:00;38;101.95;;;;;;
28/7/2021 00:00;38;102.01;;;;;;
29/7/2021 00:00;38;101.99;;;;;;
30/7/2021 00:00;38;102.06;;;;;;
31/7/2021 00:00;;;3;;;;;
2/8/2021 00:00;38;102.12;;;;;;
3/8/2021 00:00;38;102.18;;;;;;
4/8/2021 00:00;38;102.25;;;;;;
5/8/2021 00:00;38;102.28;;;;;;
6/8/2021 00:00;38;102.3;;;;;;
9/8/2021 00:00;38;102.33;;;;;;
10/8/2021 00:00;38;102.34;;;;;;
11/8/2021 00:00;38;102.34;;;;;;
12/8/2021 00:00;38;102.36;;;;;;
13/8/2021 00:00;38;102.53;;;;;;
17/8/2021 00:00;38;102.57;;;;;;
18/8/2021 00:00;38;102.57;;;;;;
19/8/2021 00:00;38;102.61;;;;;;
20/8/2021 00:00;38;102.64;;;;;;
23/8/2021 00:00;38;102.76;;;;;;
24/8/2021 00:00;38;102.79;;;;;;
25/8/2021 00:00;38;102.79;;;;;;
26/8/2021 00:00;38;102.97;;;;;;
27/8/2021 00:00;38;102.97;;;;;;
30/8/2021 00:00;38;103.11;;;;;;
31/8/2021 00:00;38;103.14;2.5;;;;;
1/9/2021 00:00;38;103.22;;;;;;
2/9/2021 00:00;38;103.31;;;;;;
3/9/2021 00:00;38;103.33;;;;;;
6/9/2021 00:00;38;103.45;;;;;;
7/9/2021 00:00;38;103.42;;;;;;
8/9/2021 00:00;38;103.53;;;;;;
9/9/2021 00:00;38;103.54;;;;;;
10/9/2021 00:00;38;103.56;;;;;;
13/9/2021 00:00;38;103.62;;;;;;
14/9/2021 00:00;38;103.62;;;;;;
15/9/2021 00:00;38;103.71;;;;;;
16/9/2021 00:00;38;103.58;;;;;;
17/9/2021 00:00;38;103.77;;;;;;
20/9/2021 00:00;38;104.09;;;;;;
21/9/2021 00:00;38;104.26;;;;;;
22/9/2021 00:00;38;104.1;;;;;;
23/9/2021 00:00;38;104.1;;;;;;
24/9/2021 00:00;38;104.12;;;;;;
27/9/2021 00:00;38;104.18;;;;;;
28/9/2021 00:00;38;104.19;;;;;;
29/9/2021 00:00;38;104.2;;;;;;
30/9/2021 00:00;38;104.3;3.5;;;;;
1/10/2021 00:00;38;104.25;;;;;;
4/10/2021 00:00;38;104.34;;;;;;
5/10/2021 00:00;38;104.53;;;;;;
6/10/2021 00:00;38;104.53;;;;;;
7/10/2021 00:00;38;104.54;;;;;;
12/10/2021 00:00;38;104.47;;;;;;
13/10/2021 00:00;38;104.64;;;;;;
14/10/2021 00:00;38;104.59;;;;;;
15/10/2021 00:00;38;104.7;;;;;;
18/10/2021 00:00;38;104.79;;;;;;
19/10/2021 00:00;38;104.88;;;;;;
20/10/2021 00:00;38;104.88;;;;;;
21/10/2021 00:00;38;104.89;;;;;;
22/10/2021 00:00;38;104.94;;;;;;
25/10/2021 00:00;38;105.04;;;;;;
26/10/2021 00:00;38;105.05;;;;;;
27/10/2021 00:00;38;105.13;;;;;;
28/10/2021 00:00;38;105.15;;;;;;
29/10/2021 00:00;38;105.23;;;;;;
31/10/2021 00:00;;;3.5;;;;;
1/11/2021 00:00;38;105.35;;;;;;
2/11/2021 00:00;38;105.36;;;;;;
3/11/2021 00:00;38;105.38;;;;;;
4/11/2021 00:00;38;105.4;;;;;;
5/11/2021 00:00;38;105.45;;;;;;
8/11/2021 00:00;38;105.58;;;;;;
9/11/2021 00:00;38;105.63;;;;;;
10/11/2021 00:00;38;105.67;;;;;;
11/11/2021 00:00;38;105.79;;;;;;
12/11/2021 00:00;38;105.82;;;;;;
15/11/2021 00:00;38;105.88;;;;;;
16/11/2021 00:00;38;105.92;;;;;;
17/11/2021 00:00;38;105.94;;;;;;
18/11/2021 00:00;38;105.95;;;;;;
19/11/2021 00:00;38;105.96;;;;;;
23/11/2021 00:00;38;106.09;;;;;;
24/11/2021 00:00;38;106.08;;;;;;
25/11/2021 00:00;38;106.16;;;;;;
26/11/2021 00:00;38;106.17;;;;;;
29/11/2021 00:00;38;106.41;;;;;;
30/11/2021 00:00;38;106.48;2.5;;;;;
1/12/2021 00:00;38;106.55;;;;;;
2/12/2021 00:00;38;106.6;;;;;;
3/12/2021 00:00;38;106.63;;;;;;
6/12/2021 00:00;38;106.65;;;;;;
7/12/2021 00:00;38;106.88;;;;;;
9/12/2021 00:00;38;107.26;;;;;;
10/12/2021 00:00;38;107.3;;;;;;
13/12/2021 00:00;38;107.38;;;;;;
14/12/2021 00:00;38;107.49;;;;;;
15/12/2021 00:00;38;107.51;;;;;;
16/12/2021 00:00;38;107.55;;;;;;
17/12/2021 00:00;38;107.57;;;;;;
20/12/2021 00:00;38;107.61;;;;;;
21/12/2021 00:00;38;107.73;;;;;;
22/12/2021 00:00;38;107.79;;;;;;
23/12/2021 00:00;38;107.74;;;;;;
27/12/2021 00:00;38;107.94;;;;;;
28/12/2021 00:00;38;108.14;;;;;;
29/12/2021 00:00;38;108.16;;;;;;
30/12/2021 00:00;38;108.29;;;;;;
31/12/2021 00:00;;;3.8;;;;;
3/1/2022 00:00;38;108.48;;;;;;
4/1/2022 00:00;38;108.61;;;;;;
5/1/2022 00:00;38;108.63;;;;;;
6/1/2022 00:00;40;108.72;;;;;;
7/1/2022 00:00;40;108.86;;;;;;
10/1/2022 00:00;40;108.96;;;;;;
11/1/2022 00:00;40;108.97;;;;;;
12/1/2022 00:00;40;109.05;;;;;;
13/1/2022 00:00;40;109.11;;;;;;
14/1/2022 00:00;40;109.21;;;;;;
17/1/2022 00:00;40;109.46;;;;;;
18/1/2022 00:00;40;109.64;;;;;;
19/1/2022 00:00;40;109.67;;;;;;
20/1/2022 00:00;40;109.71;;;;;;
21/1/2022 00:00;40;109.79;;;;;;
24/1/2022 00:00;40;110.08;;;;;;
25/1/2022 00:00;40;110.11;;;;;;
26/1/2022 00:00;40;110.15;;;;;;
27/1/2022 00:00;40;110.5;;;;;;
28/1/2022 00:00;40;110.68;;;;;;
31/1/2022 00:00;40;110.71;3.9;;;;;
1/2/2022 00:00;40;110.75;;;;;;
2/2/2022 00:00;40;110.92;;;;;;
3/2/2022 00:00;40;110.92;;;;;;
4/2/2022 00:00;40;111.37;;;;;;
7/2/2022 00:00;40;111.46;;;;;;
8/2/2022 00:00;40;111.49;;;;;;
9/2/2022 00:00;40;111.52;;;;;;
10/2/2022 00:00;40;111.59;;;;;;
11/2/2022 00:00;40;111.67;;;;;;
14/2/2022 00:00;40;112.01;;;;;;
15/2/2022 00:00;40;112.17;;;;;;
16/2/2022 00:00;40;112.21;;;;;;
17/2/2022 00:00;42,5;112.24;;;;;;
18/2/2022 00:00;42,5;112.48;;;;;;
21/2/2022 00:00;42,5;112.71;;;;;;
22/2/2022 00:00;42,5;112.8;;;;;;
23/2/2022 00:00;42,5;112.83;;;;;;
24/2/2022 00:00;42,5;112.89;;;;;;
25/2/2022 00:00;42,5;112.95;;;;;;
28/2/2022 00:00;;;4.7;;;;;
2/3/2022 00:00;42,5;113.33;;;;;;
3/3/2022 00:00;42,5;113.48;;;;;;
4/3/2022 00:00;42,5;113.69;;;;;;
7/3/2022 00:00;42,5;113.94;;;;;;
8/3/2022 00:00;42,5;114.06;;;;;;
9/3/2022 00:00;42,5;114.37;;;;;;
10/3/2022 00:00;42,5;114.5;;;;;;
11/3/2022 00:00;42,5;114.49;;;;;;
14/3/2022 00:00;42,5;114.72;;;;;;
15/3/2022 00:00;42,5;114.82;;;;;;
16/3/2022 00:00;42,5;114.88;;;;;;
17/3/2022 00:00;42,5;114.91;;;;;;
18/3/2022 00:00;42,5;114.93;;;;;;
21/3/2022 00:00;42,5;115.35;;;;;;
22/3/2022 00:00;44,5;115.42;;;;;;
23/3/2022 00:00;44,5;115.61;;;;;;
25/3/2022 00:00;44,5;115.68;;;;;;
28/3/2022 00:00;44,5;116.19;;;;;;
29/3/2022 00:00;44,5;116.21;;;;;;
30/3/2022 00:00;44,5;116.31;;;;;;
31/3/2022 00:00;44,5;116.45;6.7;;;;;
1/4/2022 00:00;44,5;116.64;;;;;;
4/4/2022 00:00;44,5;117.02;;;;;;
5/4/2022 00:00;44,5;117.1;;;;;;
6/4/2022 00:00;44,5;117.33;;;;;;
7/4/2022 00:00;44,5;117.65;;;;;;
8/4/2022 00:00;44,5;117.69;;;;;;
11/4/2022 00:00;44,5;118.02;;;;;;
12/4/2022 00:00;44,5;118.09;;;;;;
13/4/2022 00:00;47;118.39;;;;;;
18/4/2022 00:00;47;118.88;;;;;;
19/4/2022 00:00;47;119.03;;;;;;
20/4/2022 00:00;47;119.16;;;;;;
21/4/2022 00:00;47;119.58;;;;;;
22/4/2022 00:00;47;119.69;;;;;;
25/4/2022 00:00;47;119.78;;;;;;
26/4/2022 00:00;47;120.1;;;;;;
27/4/2022 00:00;47;120.13;;;;;;
28/4/2022 00:00;47;120.29;;;;;;
29/4/2022 00:00;47;120.64;;;;;;
30/4/2022 00:00;;;6;;;;;
2/5/2022 00:00;47;120.97;;;;;;
3/5/2022 00:00;47;121.33;;;;;;
4/5/2022 00:00;47;121.45;;;;;;
5/5/2022 00:00;47;121.73;;;;;;
6/5/2022 00:00;47;121.97;;;;;;
9/5/2022 00:00;47;122.16;;;;;;
10/5/2022 00:00;47;122.32;;;;;;
11/5/2022 00:00;47;122.5;;;;;;
12/5/2022 00:00;49;122.7;;;;;;
13/5/2022 00:00;49;123.11;;;;;;
16/5/2022 00:00;49;123.27;;;;;;
17/5/2022 00:00;49;123.55;;;;;;
19/5/2022 00:00;49;123.77;;;;;;
20/5/2022 00:00;49;123.91;;;;;;
23/5/2022 00:00;49;124.33;;;;;;
24/5/2022 00:00;49;124.45;;;;;;
26/5/2022 00:00;49;124.62;;;;;;
27/5/2022 00:00;49;124.81;;;;;;
30/5/2022 00:00;49;125.48;;;;;;
31/5/2022 00:00;49;125.62;5.1;;;;;
1/6/2022 00:00;49;125.88;;;;;;
2/6/2022 00:00;49;125.95;;;;;;
3/6/2022 00:00;49;125.57;;;;;;
6/6/2022 00:00;49;126.6;;;;;;
7/6/2022 00:00;49;126.65;;;;;;
8/6/2022 00:00;49;126.77;;;;;;
9/6/2022 00:00;49;127;;;;;;
10/6/2022 00:00;49;127.09;;;;;;
13/6/2022 00:00;49;127.6;;;;;;
14/6/2022 00:00;49;127.62;;;;;;
15/6/2022 00:00;49;128.03;;;;;;
16/6/2022 00:00;52;128.19;;;;;;
21/6/2022 00:00;52;128.99;;;;;;
22/6/2022 00:00;52;129.01;;;;;;
23/6/2022 00:00;52;129.11;;;;;;
24/6/2022 00:00;52;129.15;;;;;;
27/6/2022 00:00;52;130.07;;;;;;
28/6/2022 00:00;52;130.14;;;;;;
29/6/2022 00:00;52;129.99;;;;;;
30/6/2022 00:00;52;130.44;5.3;;;;;
1/7/2022 00:00;52;130.69;;;;;;
4/7/2022 00:00;52;132.07;;;;;;
5/7/2022 00:00;52;132.54;;;;;;
6/7/2022 00:00;52;132.85;;;;;;
7/7/2022 00:00;52;133.27;;;;;;
8/7/2022 00:00;52;133.89;;;;;;
11/7/2022 00:00;52;134.67;;;;;;
12/7/2022 00:00;52;134.88;;;;;;
13/7/2022 00:00;52;135.15;;;;;;
14/7/2022 00:00;52;135.21;;;;;;
15/7/2022 00:00;52;135.29;;;;;;
18/7/2022 00:00;52;135.79;;;;;;
19/7/2022 00:00;52;136.08;;;;;;
20/7/2022 00:00;52;136.1;;;;;;
21/7/2022 00:00;52;136.32;;;;;;
22/7/2022 00:00;52;136.61;;;;;;
25/7/2022 00:00;52;137.3;;;;;;
26/7/2022 00:00;52;137.38;;;;;;
27/7/2022 00:00;52;137.58;;;;;;
28/7/2022 00:00;60;137.86;;;;;;
29/7/2022 00:00;60;137.93;;;;;;
31/7/2022 00:00;;;7.4;;;;;
1/8/2022 00:00;60;138.9;;;;;;
2/8/2022 00:00;60;139.07;;;;;;
3/8/2022 00:00;60;139.31;;;;;;
4/8/2022 00:00;60;139.86;;;;;;
5/8/2022 00:00;60;139.87;;;;;;
8/8/2022 00:00;60;140.59;;;;;;
9/8/2022 00:00;60;140.77;;;;;;
10/8/2022 00:00;60;140.7;;;;;;
11/8/2022 00:00;69,5;140.98;;;;;;
12/8/2022 00:00;69,5;141.5;;;;;;
16/8/2022 00:00;69,5;142.41;;;;;;
17/8/2022 00:00;69,5;142.52;;;;;;
18/8/2022 00:00;69,5;142.39;;;;;;
19/8/2022 00:00;69,5;143.06;;;;;;
22/8/2022 00:00;69,5;144.04;;;;;;
23/8/2022 00:00;69,5;144.03;;;;;;
24/8/2022 00:00;69,5;144.29;;;;;;
25/8/2022 00:00;69,5;144.58;;;;;;
26/8/2022 00:00;69,5;144.73;;;;;;
29/8/2022 00:00;69,5;145.45;;;;;;
30/8/2022 00:00;69,5;145.62;;;;;;
31/8/2022 00:00;69,5;145.77;7;;;;;
1/9/2022 00:00;69,5;145.86;;;;;;
5/9/2022 00:00;69,5;147.05;;;;;;
6/9/2022 00:00;69,5;147.35;;;;;;
7/9/2022 00:00;69,5;147.66;;;;;;
8/9/2022 00:00;69,5;148.15;;;;;;
9/9/2022 00:00;69,5;148.42;;;;;;
12/9/2022 00:00;69,5;149.43;;;;;;
13/9/2022 00:00;69,5;149.52;;;;;;
14/9/2022 00:00;69,5;149.61;;;;;;
15/9/2022 00:00;75;149.99;;;;;;
16/9/2022 00:00;75;150.17;;;;;;
19/9/2022 00:00;75;150.93;;;;;;
20/9/2022 00:00;75;151.24;;;;;;
21/9/2022 00:00;75;151.56;;;;;;
22/9/2022 00:00;75;151.64;;;;;;
23/9/2022 00:00;75;152.24;;;;;;
26/9/2022 00:00;75;153.01;;;;;;
27/9/2022 00:00;75;153.31;;;;;;
28/9/2022 00:00;75;153.61;;;;;;
29/9/2022 00:00;75;153.9;;;;;;
30/9/2022 00:00;75;154.25;6.2;;;;;
3/10/2022 00:00;75;155.33;;;;;;
4/10/2022 00:00;75;155.67;;;;;;
5/10/2022 00:00;75;155.9;;;;;;
6/10/2022 00:00;75;156.29;;;;;;
11/10/2022 00:00;75;157.76;;;;;;
12/10/2022 00:00;75;157.96;;;;;;
13/10/2022 00:00;75;158.19;;;;;;
14/10/2022 00:00;75;158.28;;;;;;
17/10/2022 00:00;75;159.45;;;;;;
18/10/2022 00:00;75;159.71;;;;;;
19/10/2022 00:00;75;159.94;;;;;;
20/10/2022 00:00;75;160.27;;;;;;
21/10/2022 00:00;75;160.57;;;;;;
24/10/2022 00:00;75;161.56;;;;;;
25/10/2022 00:00;75;162.1;;;;;;
26/10/2022 00:00;75;162.22;;;;;;
27/10/2022 00:00;75;162.3;;;;;;
28/10/2022 00:00;75;162.59;;;;;;
31/10/2022 00:00;75;163.89;6.3;;;;;
1/11/2022 00:00;75;164.26;;;;;;
2/11/2022 00:00;75;164.49;;;;;;
3/11/2022 00:00;75;164.82;;;;;;
4/11/2022 00:00;75;165.15;;;;;;
7/11/2022 00:00;75;166.33;;;;;;
8/11/2022 00:00;75;166.79;;;;;;
9/11/2022 00:00;75;167.17;;;;;;
10/11/2022 00:00;75;167.5;;;;;;
11/11/2022 00:00;75;167.77;;;;;;
14/11/2022 00:00;75;168.62;;;;;;
15/11/2022 00:00;75;169.18;;;;;;
16/11/2022 00:00;75;169.6;;;;;;
17/11/2022 00:00;75;169.89;;;;;;
18/11/2022 00:00;75;170.22;;;;;;
22/11/2022 00:00;75;171.52;;;;;;
23/11/2022 00:00;75;171.85;;;;;;
24/11/2022 00:00;75;172.24;;;;;;
25/11/2022 00:00;75;172.45;;;;;;
28/11/2022 00:00;75;173.66;;;;;;
29/11/2022 00:00;75;174.15;;;;;;
30/11/2022 00:00;75;174.55;4.9;;;;;
1/12/2022 00:00;75;174.86;;;;;;
2/12/2022 00:00;75;175.42;;;;;;
5/12/2022 00:00;75;176.44;;;;;;
6/12/2022 00:00;75;176.59;;;;;;
7/12/2022 00:00;75;176.81;;;;;;
12/12/2022 00:00;75;178.57;;;;;;
13/12/2022 00:00;75;179.01;;;;;;
14/12/2022 00:00;75;179.22;;;;;;
15/12/2022 00:00;75;179.35;;;;;;
16/12/2022 00:00;75;179.69;;;;;;
19/12/2022 00:00;75;180.65;;;;;;
20/12/2022 00:00;75;180.76;;;;;;
21/12/2022 00:00;75;181.16;;;;;;
22/12/2022 00:00;75;181.36;;;;;;
23/12/2022 00:00;75;181.74;;;;;;
26/12/2022 00:00;75;182.82;;;;;;
27/12/2022 00:00;75;183.12;;;;;;
28/12/2022 00:00;75;183.51;;;;;;
29/12/2022 00:00;75;183.95;;;;;;
30/12/2022 00:00;75;184.64;;;;;;
31/12/2022 00:00;;;5.1;;;;;
2/1/2023 00:00;75;185.36;;;;;;
3/1/2023 00:00;75;185.99;;;;;;
4/1/2023 00:00;75;186.22;;;;;;
5/1/2023 00:00;75;186.16;;;;;;
6/1/2023 00:00;75;186.61;;;;;;
9/1/2023 00:00;75;187.72;;;;;;
10/1/2023 00:00;75;188.11;;;;;;
11/1/2023 00:00;75;188.21;;;;;;
12/1/2023 00:00;75;188.18;;;;;;
13/1/2023 00:00;75;188.53;;;;;;
16/1/2023 00:00;75;189.47;;;;;;
17/1/2023 00:00;75;189.74;;;;;;
18/1/2023 00:00;75;189.98;;;;;;
19/1/2023 00:00;75;190.19;;;;;;
20/1/2023 00:00;75;190.65;;;;;;
23/1/2023 00:00;75;191.68;;;;;;
24/1/2023 00:00;75;192.08;;;;;;
25/1/2023 00:00;75;192.26;;;;;;
26/1/2023 00:00;75;192.74;;;;;;
27/1/2023 00:00;75;193.06;;;;;;
30/1/2023 00:00;75;194.07;;;;;;
31/1/2023 00:00;75;194.36;6;;;;;
1/2/2023 00:00;75;194.96;;;;;;
2/2/2023 00:00;75;195.14;;;;;;
3/2/2023 00:00;75;195.4;;;;;;
6/2/2023 00:00;75;196.52;;;;;;
7/2/2023 00:00;75;196.74;;;;;;
8/2/2023 00:00;75;196.93;;;;;;
9/2/2023 00:00;75;197.19;;;;;;
10/2/2023 00:00;75;197.6;;;;;;
13/2/2023 00:00;75;198.78;;;;;;
14/2/2023 00:00;75;199.03;;;;;;
15/2/2023 00:00;75;199.47;;;;;;
16/2/2023 00:00;75;199.7;;;;;;
17/2/2023 00:00;75;200.55;;;;;;
22/2/2023 00:00;75;201.73;;;;;;
23/2/2023 00:00;75;202.48;;;;;;
24/2/2023 00:00;75;202.88;;;;;;
27/2/2023 00:00;75;204.12;;;;;;
28/2/2023 00:00;75;204.39;6.6;;;;;
1/3/2023 00:00;75;204.73;;;;;;
2/3/2023 00:00;75;205.37;;;;;;
3/3/2023 00:00;75;205.72;;;;;;
6/3/2023 00:00;75;206.67;;;;;;
7/3/2023 00:00;75;206.9;;;;;;
8/3/2023 00:00;75;207.22;;;;;;
9/3/2023 00:00;75;207.49;;;;;;
10/3/2023 00:00;75;207.96;;;;;;
13/3/2023 00:00;75;208.88;;;;;;
14/3/2023 00:00;75;209.36;;;;;;
15/3/2023 00:00;75;209.62;;;;;;
16/3/2023 00:00;78;210.21;;;;;;
17/3/2023 00:00;78;210.54;;;;;;
20/3/2023 00:00;78;211.85;;;;;;
21/3/2023 00:00;78;212.24;;;;;;
22/3/2023 00:00;78;212.72;;;;;;
23/3/2023 00:00;78;212.97;;;;;;
27/3/2023 00:00;78;214.45;;;;;;
28/3/2023 00:00;78;215.03;;;;;;
29/3/2023 00:00;78;215.5;;;;;;
30/3/2023 00:00;78;215.81;;;;;;
31/3/2023 00:00;78;216.24;7.7;;;;;
3/4/2023 00:00;78;217.43;;;;;;
4/4/2023 00:00;78;218.03;;;;;;
5/4/2023 00:00;78;218.78;;;;;;
10/4/2023 00:00;78;220.73;;;;;;
11/4/2023 00:00;78;221.17;;;;;;
12/4/2023 00:00;78;221.46;;;;;;
13/4/2023 00:00;78;221.62;;;;;;
14/4/2023 00:00;78;221.77;;;;;;
17/4/2023 00:00;78;223.39;;;;;;
18/4/2023 00:00;78;223.73;;;;;;
19/4/2023 00:00;78;224.52;;;;;;
20/4/2023 00:00;81;225.21;;;;;;
21/4/2023 00:00;81;225.58;;;;;;
24/4/2023 00:00;81;226.94;;;;;;
25/4/2023 00:00;81;227.68;;;;;;
26/4/2023 00:00;81;228.43;;;;;;
27/4/2023 00:00;91;229.12;;;;;;
28/4/2023 00:00;91;229.63;;;;;;
30/4/2023 00:00;;;8.4;;;;;
2/5/2023 00:00;91;232.09;;;;;;
3/5/2023 00:00;91;232.88;;;;;;
4/5/2023 00:00;91;233.72;;;;;;
5/5/2023 00:00;91;235.98;;;;;;
8/5/2023 00:00;91;238.18;;;;;;
9/5/2023 00:00;91;238.89;;;;;;
10/5/2023 00:00;91;239.59;;;;;;
11/5/2023 00:00;91;239.42;;;;;;
12/5/2023 00:00;91;240.07;;;;;;
15/5/2023 00:00;97;241.39;;;;;;
16/5/2023 00:00;97;242.37;;;;;;
17/5/2023 00:00;97;242.65;;;;;;
18/5/2023 00:00;97;243.02;;;;;;
19/5/2023 00:00;97;243.59;;;;;;
22/5/2023 00:00;97;245.02;;;;;;
23/5/2023 00:00;97;245.53;;;;;;
24/5/2023 00:00;97;246.59;;;;;;
29/5/2023 00:00;97;248.68;;;;;;
30/5/2023 00:00;97;249.79;;;;;;
31/5/2023 00:00;97;250.37;7.8;;;;;
1/6/2023 00:00;97;251.44;;;;;;
2/6/2023 00:00;97;252;;;;;;
5/6/2023 00:00;97;253.83;;;;;;
6/6/2023 00:00;97;254.7;;;;;;
7/6/2023 00:00;97;255.36;;;;;;
8/6/2023 00:00;97;256.09;;;;;;
9/6/2023 00:00;97;257.33;;;;;;
12/6/2023 00:00;97;258.52;;;;;;
13/6/2023 00:00;97;259.13;;;;;;
14/6/2023 00:00;97;259.85;;;;;;
15/6/2023 00:00;97;260.92;;;;;;
16/6/2023 00:00;97;261.59;;;;;;
21/6/2023 00:00;97;264.45;;;;;;
22/6/2023 00:00;97;265.31;;;;;;
23/6/2023 00:00;97;265.95;;;;;;
26/6/2023 00:00;97;267.22;;;;;;
27/6/2023 00:00;97;268.09;;;;;;
28/6/2023 00:00;97;267.88;;;;;;
29/6/2023 00:00;97;269.24;;;;;;
30/6/2023 00:00;97;270.16;6;;;;;
3/7/2023 00:00;97;271.55;;;;;;
4/7/2023 00:00;97;272.06;;;;;;
5/7/2023 00:00;97;273.32;;;;;;
6/7/2023 00:00;97;273.71;;;;;;
7/7/2023 00:00;97;274.39;;;;;;
10/7/2023 00:00;97;275.81;;;;;;
11/7/2023 00:00;97;276.53;;;;;;
12/7/2023 00:00;97;276.89;;;;;;
13/7/2023 00:00;97;277.77;;;;;;
14/7/2023 00:00;97;278.47;;;;;;
17/7/2023 00:00;97;280.32;;;;;;
18/7/2023 00:00;97;280.59;;;;;;
19/7/2023 00:00;97;281.35;;;;;;
20/7/2023 00:00;97;281.66;;;;;;
21/7/2023 00:00;97;282.54;;;;;;
24/7/2023 00:00;97;284.37;;;;;;
25/7/2023 00:00;97;284.65;;;;;;
26/7/2023 00:00;97;285.2;;;;;;
27/7/2023 00:00;97;285.8;;;;;;
28/7/2023 00:00;97;286.57;;;;;;
31/7/2023 00:00;97;287.92;6.3;;;;;
1/8/2023 00:00;97;289.17;;;;;;
2/8/2023 00:00;97;290.27;;;;;;
3/8/2023 00:00;97;291.33;;;;;;
4/8/2023 00:00;97;292.2;;;;;;
7/8/2023 00:00;97;295.25;;;;;;
8/8/2023 00:00;97;296.52;;;;;;
9/8/2023 00:00;97;297.82;;;;;;
10/8/2023 00:00;97;298.81;;;;;;
11/8/2023 00:00;97;300.01;;;;;;
14/8/2023 00:00;118;366.18;;;;;;
15/8/2023 00:00;118;366.63;;;;;;
16/8/2023 00:00;118;366.89;;;;;;
17/8/2023 00:00;118;366.55;;;;;;
18/8/2023 00:00;118;366.57;;;;;;
22/8/2023 00:00;118;367.03;;;;;;
23/8/2023 00:00;118;367.11;;;;;;
24/8/2023 00:00;118;367.37;;;;;;
25/8/2023 00:00;118;367;;;;;;
28/8/2023 00:00;118;367;;;;;;
29/8/2023 00:00;118;367;;;;;;
30/8/2023 00:00;118;367.09;;;;;;
31/8/2023 00:00;118;366.63;12.4;;;;;
1/9/2023 00:00;118;367.02;;;;;;
4/9/2023 00:00;118;367.01;;;;;;
5/9/2023 00:00;118;367.01;;;;;;
6/9/2023 00:00;118;367.01;;;;;;
7/9/2023 00:00;118;367;;;;;;
8/9/2023 00:00;118;367.01;;;;;;
11/9/2023 00:00;118;366.72;;;;;;
12/9/2023 00:00;118;366.73;;;;;;
13/9/2023 00:00;118;366.72;;;;;;
14/9/2023 00:00;118;367.09;;;;;;
15/9/2023 00:00;118;367.01;;;;;;
18/9/2023 00:00;118;367.09;;;;;;
19/9/2023 00:00;118;366.64;;;;;;
20/9/2023 00:00;118;367.01;;;;;;
21/9/2023 00:00;118;367.09;;;;;;
22/9/2023 00:00;118;367.01;;;;;;
25/9/2023 00:00;118;366.98;;;;;;
26/9/2023 00:00;118;366.98;;;;;;
27/9/2023 00:00;118;366.64;;;;;;
28/9/2023 00:00;118;367.01;;;;;;
29/9/2023 00:00;118;365.6;;;;;;
30/9/2023 00:00;;;12.7;;;;;
2/10/2023 00:00;118;367.01;;;;;;
3/10/2023 00:00;118;366.65;;;;;;
4/10/2023 00:00;118;367.09;;;;;;
5/10/2023 00:00;118;366.65;;;;;;
6/10/2023 00:00;118;367.02;;;;;;
9/10/2023 00:00;118;367.18;;;;;;
10/10/2023 00:00;118;367.01;;;;;;
11/10/2023 00:00;118;367.01;;;;;;
12/10/2023 00:00;133;367.46;;;;;;
17/10/2023 00:00;133;367.59;;;;;;
18/10/2023 00:00;133;367.14;;;;;;
19/10/2023 00:00;133;367.17;;;;;;
20/10/2023 00:00;133;368.03;;;;;;
23/10/2023 00:00;133;367.91;;;;;;
24/10/2023 00:00;133;367.93;;;;;;
25/10/2023 00:00;133;367.72;;;;;;
26/10/2023 00:00;133;368.1;;;;;;
27/10/2023 00:00;133;367.93;;;;;;
30/10/2023 00:00;133;367.88;;;;;;
31/10/2023 00:00;133;367.94;8.3;;;;;
1/11/2023 00:00;133;367.93;;;;;;
2/11/2023 00:00;133;368.05;;;;;;
3/11/2023 00:00;133;368.05;;;;;;
7/11/2023 00:00;133;367.87;;;;;;
8/11/2023 00:00;133;368.05;;;;;;
9/11/2023 00:00;133;367.93;;;;;;
10/11/2023 00:00;133;368.05;;;;;;
13/11/2023 00:00;133;367.93;;;;;;
14/11/2023 00:00;133;367.93;;;;;;
15/11/2023 00:00;133;370.51;;;;;;
16/11/2023 00:00;133;370.94;;;;;;
17/11/2023 00:00;133;371.55;;;;;;
21/11/2023 00:00;133;373.71;;;;;;
22/11/2023 00:00;133;374.33;;;;;;
23/11/2023 00:00;133;374.51;;;;;;
24/11/2023 00:00;133;375.38;;;;;;
27/11/2023 00:00;133;376.69;;;;;;
28/11/2023 00:00;133;377.55;;;;;;
29/11/2023 00:00;133;377.84;;;;;;
30/11/2023 00:00;133;378.37;12.8;;;;;
1/12/2023 00:00;133;379.18;;;;;;
4/12/2023 00:00;133;380.37;;;;;;
5/12/2023 00:00;133;381;;;;;;
6/12/2023 00:00;133;381.31;;;;;;
7/12/2023 00:00;133;390.97;;;;;;
11/12/2023 00:00;133;462.4;;;;;;
12/12/2023 00:00;133;587.57;;;;;;
13/12/2023 00:00;133;832.64;;;;;;
14/12/2023 00:00;133;837.91;;;;;;
15/12/2023 00:00;133;838.18;;;;;;
18/12/2023 00:00;100;840.23;;;;;;
19/12/2023 00:00;100;841.28;;;;;;
20/12/2023 00:00;100;841.46;;;;;;
21/12/2023 00:00;100;842.68;;;;;;
22/12/2023 00:00;100;843.78;;;;;;
26/12/2023 00:00;100;843.55;;;;;;
27/12/2023 00:00;100;843.51;;;;;;
28/12/2023 00:00;100;844.66;;;;;;
29/12/2023 00:00;100;847.11;;;;;;
31/12/2023 00:00;;;25.5;;;;;
2/1/2024 00:00;100;851.25;;;;;;
3/1/2024 00:00;100;852.69;;;;;;
4/1/2024 00:00;100;853.15;;;;;;
5/1/2024 00:00;100;852.99;;;;;;
8/1/2024 00:00;100;857.62;;;;;;
9/1/2024 00:00;100;859;;;;;;
10/1/2024 00:00;100;857.87;;;;;;
11/1/2024 00:00;100;860.49;;;;;;
12/1/2024 00:00;100;860.65;;;;;;
15/1/2024 00:00;100;863.62;;;;;;
16/1/2024 00:00;100;864.65;;;;;;
17/1/2024 00:00;100;865.65;;;;;;
18/1/2024 00:00;100;866.51;;;;;;
19/1/2024 00:00;100;868.8;;;;;;
22/1/2024 00:00;100;868.15;;;;;;
23/1/2024 00:00;100;869.92;;;;;;
24/1/2024 00:00;100;870.63;;;;;;
25/1/2024 00:00;100;870.05;;;;;;
26/1/2024 00:00;100;871.96;;;;;;
29/1/2024 00:00;100;873.5;;;;;;
30/1/2024 00:00;100;875.12;;;;;;
31/1/2024 00:00;100;872.89;20.6;;;;;
1/2/2024 00:00;100;871.93;;;;;;
2/2/2024 00:00;100;876.62;;;;;;
5/2/2024 00:00;100;876.88;;;;;;
6/2/2024 00:00;100;877.03;;;;;;
7/2/2024 00:00;100;878.13;;;;;;
8/2/2024 00:00;100;878.35;;;;;;
9/2/2024 00:00;100;877.34;;;;;;
14/2/2024 00:00;100;880.59;;;;;;
15/2/2024 00:00;100;880.57;;;;;;
16/2/2024 00:00;100;879.16;;;;;;
19/2/2024 00:00;100;882.04;;;;;;
20/2/2024 00:00;100;882.45;;;;;;
21/2/2024 00:00;100;882.79;;;;;;
22/2/2024 00:00;100;879.81;;;;;;
23/2/2024 00:00;100;883.65;;;;;;
26/2/2024 00:00;100;883.8;;;;;;
27/2/2024 00:00;100;884.03;;;;;;
28/2/2024 00:00;100;888.7;;;;;;
29/2/2024 00:00;100;887.5;13.2;;;;;
1/3/2024 00:00;100;885.88;;;;;;
4/3/2024 00:00;100;887.61;;;;;;
5/3/2024 00:00;100;892.34;;;;;;
6/3/2024 00:00;100;889.49;;;;;;
7/3/2024 00:00;100;891.28;;;;;;
8/3/2024 00:00;100;892;;;;;;
11/3/2024 00:00;100;894.34;;;;;;
12/3/2024 00:00;80;894.5;;;;;;
13/3/2024 00:00;80;894.95;;;;;;
14/3/2024 00:00;80;897.33;;;;;;
15/3/2024 00:00;80;895.15;;;;;;
18/3/2024 00:00;80;896.91;;;;;;
19/3/2024 00:00;80;898.48;;;;;;
20/3/2024 00:00;80;898.22;;;;;;
21/3/2024 00:00;80;897.86;;;;;;
22/3/2024 00:00;80;898.58;;;;;;
25/3/2024 00:00;80;900.42;;;;;;
26/3/2024 00:00;80;900.45;;;;;;
27/3/2024 00:00;80;901.63;;;;;;
31/3/2024 00:00;;;11;;;;;
3/4/2024 00:00;80;905.3;;;;;;
4/4/2024 00:00;80;899.79;;;;;;
5/4/2024 00:00;80;905.3;;;;;;
8/4/2024 00:00;80;908.79;;;;;;
9/4/2024 00:00;80;907.39;;;;;;
10/4/2024 00:00;80;907.61;;;;;;
11/4/2024 00:00;70;910.82;;;;;;
12/4/2024 00:00;70;913.27;;;;;;
15/4/2024 00:00;70;912.63;;;;;;
16/4/2024 00:00;70;912.61;;;;;;
17/4/2024 00:00;70;913.23;;;;;;
18/4/2024 00:00;70;910.3;;;;;;
19/4/2024 00:00;70;912.74;;;;;;
22/4/2024 00:00;70;915.8;;;;;;
23/4/2024 00:00;70;915.4;;;;;;
24/4/2024 00:00;70;915.35;;;;;;
25/4/2024 00:00;60;916.05;;;;;;
26/4/2024 00:00;60;918.36;;;;;;
29/4/2024 00:00;60;915.62;;;;;;
30/4/2024 00:00;60;920.57;8.8;;;;;
2/5/2024 00:00;50;918.05;;;;;;
3/5/2024 00:00;50;921.34;;;;;;
6/5/2024 00:00;50;923.56;;;;;;
7/5/2024 00:00;50;922.38;;;;;;
8/5/2024 00:00;50;923.05;;;;;;
9/5/2024 00:00;50;924.06;;;;;;
10/5/2024 00:00;50;922.24;;;;;;
13/5/2024 00:00;50;922.93;;;;;;
14/5/2024 00:00;40;926.01;;;;;;
15/5/2024 00:00;40;928.68;;;;;;
16/5/2024 00:00;40;928.45;;;;;;
17/5/2024 00:00;40;927.58;;;;;;
20/5/2024 00:00;40;927.13;;;;;;
21/5/2024 00:00;40;927.39;;;;;;
22/5/2024 00:00;40;929.52;;;;;;
23/5/2024 00:00;40;929.26;;;;;;
24/5/2024 00:00;40;931.78;;;;;;
27/5/2024 00:00;40;933.75;;;;;;
28/5/2024 00:00;40;933.13;;;;;;
29/5/2024 00:00;40;933.36;;;;;;
30/5/2024 00:00;40;934.62;;;;;;
31/5/2024 00:00;40;933.76;;;;;;
3/6/2024 00:00;40;937.66;;;;;;
4/6/2024 00:00;40;935.68;;;;;;
5/6/2024 00:00;40;938.14;;;;;;
6/6/2024 00:00;40;936.71;;;;;;
7/6/2024 00:00;40;939.07;;;;;;
10/6/2024 00:00;40;940.56;;;;;;
11/6/2024 00:00;40;938.37;;;;;;
12/6/2024 00:00;40;936.54;;;;;;
13/6/2024 00:00;40;941.61;;;;;;
