Date,Tasa de política monetaria,Tipo de cambio Minorista,Suma de results.valor
2016-01-04 00:00:00,"33,00",13.31,
2016-01-05 00:00:00,"33,00",13.88,
2016-01-06 00:00:00,"32,00",14.04,
2016-01-07 00:00:00,"32,00",14.16,
2016-01-08 00:00:00,"32,00",14.1,
2016-01-11 00:00:00,"32,00",14.06,
2016-01-12 00:00:00,"32,00",13.82,
2016-01-13 00:00:00,"31,00",13.82,
2016-01-14 00:00:00,"31,00",13.63,
2016-01-15 00:00:00,"31,00",13.72,
2016-01-18 00:00:00,"31,00",13.73,
2016-01-19 00:00:00,"31,00",13.69,
2016-01-20 00:00:00,"31,00",13.7,
2016-01-21 00:00:00,"31,00",13.83,
2016-01-22 00:00:00,"31,00",13.96,
2016-01-25 00:00:00,"31,00",14.02,
2016-01-26 00:00:00,"31,00",14.07,
2016-01-27 00:00:00,"30,75",14.1,
2016-01-28 00:00:00,"30,75",14.12,
2016-01-29 00:00:00,"30,75",14.13,
2016-01-31 00:00:00,,,4.1
2016-02-01 00:00:00,"30,75",14.27,
2016-02-02 00:00:00,"30,75",14.32,
2016-02-03 00:00:00,"30,50",14.35,
2016-02-04 00:00:00,"30,50",14.38,
2016-02-05 00:00:00,"30,50",14.54,
2016-02-10 00:00:00,"30,25",14.71,
2016-02-11 00:00:00,"30,25",14.78,
2016-02-12 00:00:00,"30,25",14.95,
2016-02-15 00:00:00,"30,25",14.95,
2016-02-16 00:00:00,"30,25",14.99,
2016-02-17 00:00:00,"30,50",15.11,
2016-02-18 00:00:00,"30,50",15.24,
2016-02-19 00:00:00,"30,50",15.24,
2016-02-22 00:00:00,"30,50",15.37,
2016-02-23 00:00:00,"30,50",15.64,
2016-02-24 00:00:00,"31,15",15.55,
2016-02-25 00:00:00,"31,15",15.56,
2016-02-26 00:00:00,"31,15",15.69,
2016-02-29 00:00:00,"31,15",15.88,2.7
2016-03-01 00:00:00,"31,15",16.07,
2016-03-02 00:00:00,"37,00",15.88,
2016-03-03 00:00:00,"37,00",15.48,
2016-03-04 00:00:00,"37,00",15.44,
2016-03-07 00:00:00,"37,00",15.59,
2016-03-08 00:00:00,"37,00",15.65,
2016-03-09 00:00:00,"38,00",15.59,
2016-03-10 00:00:00,"38,00",15.57,
2016-03-11 00:00:00,"38,00",15.2,
2016-03-14 00:00:00,"38,00",15,
2016-03-15 00:00:00,"38,00",14.85,
2016-03-16 00:00:00,"38,00",14.8,
2016-03-17 00:00:00,"38,00",15.04,
2016-03-18 00:00:00,"38,00",15.08,
2016-03-21 00:00:00,"38,00",14.7,
2016-03-22 00:00:00,"38,00",14.63,
2016-03-23 00:00:00,"38,00",14.71,
2016-03-28 00:00:00,"38,00",14.98,
2016-03-29 00:00:00,"38,00",14.87,
2016-03-30 00:00:00,"38,00",14.84,
2016-03-31 00:00:00,"38,00",14.89,3
2016-04-01 00:00:00,"38,00",15,
2016-04-04 00:00:00,"38,00",15.04,
2016-04-05 00:00:00,"38,00",14.92,
2016-04-06 00:00:00,"38,00",14.93,
2016-04-07 00:00:00,"38,00",14.77,
2016-04-08 00:00:00,"38,00",14.69,
2016-04-11 00:00:00,"38,00",14.74,
2016-04-12 00:00:00,"38,00",14.74,
2016-04-13 00:00:00,"38,00",14.63,
2016-04-14 00:00:00,"38,00",14.62,
2016-04-15 00:00:00,"38,00",14.48,
2016-04-18 00:00:00,"38,00",14.38,
2016-04-19 00:00:00,"38,00",14.43,
2016-04-20 00:00:00,"38,00",14.54,
2016-04-21 00:00:00,"38,00",14.66,
2016-04-22 00:00:00,"38,00",14.62,
2016-04-25 00:00:00,"38,00",14.59,
2016-04-26 00:00:00,"38,00",14.57,
2016-04-27 00:00:00,"38,00",14.47,
2016-04-28 00:00:00,"38,00",14.49,
2016-04-29 00:00:00,"38,00",14.51,
2016-04-30 00:00:00,,,3.4
2016-05-02 00:00:00,"38,00",14.52,
2016-05-03 00:00:00,"38,00",14.46,
2016-05-04 00:00:00,"37,50",14.47,
2016-05-05 00:00:00,"37,50",14.52,
2016-05-06 00:00:00,"37,50",14.5,
2016-05-09 00:00:00,"37,50",14.48,
2016-05-10 00:00:00,"37,50",14.5,
2016-05-11 00:00:00,"37,50",14.5,
2016-05-12 00:00:00,"37,50",14.46,
2016-05-13 00:00:00,"37,50",14.44,
2016-05-16 00:00:00,"37,50",14.42,
2016-05-17 00:00:00,"37,50",14.38,
2016-05-18 00:00:00,"36,75",14.38,
2016-05-19 00:00:00,"36,75",14.36,
2016-05-20 00:00:00,"36,75",14.31,
2016-05-23 00:00:00,"36,75",14.28,
2016-05-24 00:00:00,"36,75",14.29,
2016-05-26 00:00:00,"35,25",14.3,
2016-05-27 00:00:00,"35,25",14.23,
2016-05-30 00:00:00,"35,25",14.23,
2016-05-31 00:00:00,"35,25",14.25,4.2
2016-06-01 00:00:00,"34,25",14.22,
2016-06-02 00:00:00,"34,25",14.17,
2016-06-03 00:00:00,"34,25",14.14,
2016-06-06 00:00:00,"34,25",14.03,
2016-06-07 00:00:00,"34,25",14.07,
2016-06-08 00:00:00,"33,25",14.07,
2016-06-09 00:00:00,"33,25",14.09,
2016-06-10 00:00:00,"33,25",14.08,
2016-06-13 00:00:00,"33,25",14.07,
2016-06-14 00:00:00,"33,25",14.03,
2016-06-15 00:00:00,"32,25",14.01,
2016-06-16 00:00:00,"32,25",14.12,
2016-06-21 00:00:00,"32,25",14.16,
2016-06-22 00:00:00,"31,50",14.3,
2016-06-23 00:00:00,"31,50",14.54,
2016-06-24 00:00:00,"31,50",15.09,
2016-06-27 00:00:00,"31,50",15.42,
2016-06-28 00:00:00,"31,50",15.21,
2016-06-29 00:00:00,"30,75",15.17,
2016-06-30 00:00:00,"30,75",15.21,3.1
2016-07-01 00:00:00,"30,75",15.33,
2016-07-04 00:00:00,"30,75",15.32,
2016-07-05 00:00:00,"30,75",15.19,
2016-07-06 00:00:00,"30,25",15.01,
2016-07-07 00:00:00,"30,25",14.92,
2016-07-11 00:00:00,"30,25",14.95,
2016-07-12 00:00:00,"30,25",14.86,
2016-07-13 00:00:00,"30,25",14.83,
2016-07-14 00:00:00,"30,25",14.94,
2016-07-15 00:00:00,"30,25",15.2,
2016-07-18 00:00:00,"30,25",15.35,
2016-07-19 00:00:00,"30,25",15.26,
2016-07-20 00:00:00,"30,25",15.23,
2016-07-21 00:00:00,"30,25",15.29,
2016-07-22 00:00:00,"30,25",15.16,
2016-07-25 00:00:00,"30,25",15.16,
2016-07-26 00:00:00,"30,25",15.17,
2016-07-27 00:00:00,"30,25",15.21,
2016-07-28 00:00:00,"30,25",15.26,
2016-07-29 00:00:00,"30,25",15.29,
2016-07-31 00:00:00,,,2
2016-08-01 00:00:00,"30,25",15.22,
2016-08-02 00:00:00,"30,25",15.11,
2016-08-03 00:00:00,"30,00",15.09,
2016-08-04 00:00:00,"30,00",15.1,
2016-08-05 00:00:00,"30,00",15.08,
2016-08-08 00:00:00,"30,00",15,
2016-08-09 00:00:00,"30,00",15.03,
2016-08-10 00:00:00,"29,75",14.97,
2016-08-11 00:00:00,"29,75",14.92,
2016-08-12 00:00:00,"29,75",14.94,
2016-08-16 00:00:00,"29,75",14.92,
2016-08-17 00:00:00,"29,25",14.99,
2016-08-18 00:00:00,"29,25",15.14,
2016-08-19 00:00:00,"29,25",15.15,
2016-08-22 00:00:00,"29,25",15.11,
2016-08-23 00:00:00,"29,25",15.11,
2016-08-24 00:00:00,"28,75",15.12,
2016-08-25 00:00:00,"28,75",15.11,
2016-08-26 00:00:00,"28,75",15.19,
2016-08-29 00:00:00,"28,75",15.28,
2016-08-30 00:00:00,"28,75",15.29,
2016-08-31 00:00:00,"28,25",15.16,0.2
2016-09-01 00:00:00,"28,25",15.13,
2016-09-02 00:00:00,"28,25",15.2,
2016-09-05 00:00:00,"28,25",15.21,
2016-09-06 00:00:00,"28,25",15.23,
2016-09-07 00:00:00,"27,75",15.25,
2016-09-08 00:00:00,"27,75",15.27,
2016-09-09 00:00:00,"27,75",15.25,
2016-09-12 00:00:00,"27,75",15.23,
2016-09-13 00:00:00,"27,75",15.29,
2016-09-14 00:00:00,"27,25",15.24,
2016-09-15 00:00:00,"27,25",15.26,
2016-09-16 00:00:00,"27,25",15.34,
2016-09-19 00:00:00,"27,25",15.35,
2016-09-20 00:00:00,"27,25",15.37,
2016-09-21 00:00:00,"26,75",15.35,
2016-09-22 00:00:00,"26,75",15.38,
2016-09-23 00:00:00,"26,75",15.37,
2016-09-26 00:00:00,"26,75",15.43,
2016-09-27 00:00:00,"26,75",15.45,
2016-09-28 00:00:00,"26,75",15.52,
2016-09-29 00:00:00,"26,75",15.59,
2016-09-30 00:00:00,"26,75",15.49,1.1
2016-10-03 00:00:00,"26,75",15.42,
2016-10-04 00:00:00,"26,75",15.43,
2016-10-05 00:00:00,"26,75",15.42,
2016-10-06 00:00:00,"26,75",15.44,
2016-10-07 00:00:00,"26,75",15.44,
2016-10-11 00:00:00,"26,75",15.43,
2016-10-12 00:00:00,"26,75",15.36,
2016-10-13 00:00:00,"26,75",15.35,
2016-10-14 00:00:00,"26,75",15.37,
2016-10-17 00:00:00,"26,75",15.43,
2016-10-18 00:00:00,"26,75",15.43,
2016-10-19 00:00:00,"26,75",15.42,
2016-10-20 00:00:00,"26,75",15.4,
2016-10-21 00:00:00,"26,75",15.37,
2016-10-24 00:00:00,"26,75",15.33,
2016-10-25 00:00:00,"26,75",15.42,
2016-10-26 00:00:00,"26,75",15.43,
2016-10-27 00:00:00,"26,75",15.42,
2016-10-28 00:00:00,"26,75",15.42,
2016-10-31 00:00:00,"26,75",15.4,2.4
2016-11-01 00:00:00,"26,75",15.35,
2016-11-02 00:00:00,"26,75",15.3,
2016-11-03 00:00:00,"26,75",15.32,
2016-11-04 00:00:00,"26,75",15.28,
2016-11-07 00:00:00,"26,75",15.23,
2016-11-08 00:00:00,"26,75",15.23,
2016-11-09 00:00:00,"26,25",15.16,
2016-11-10 00:00:00,"26,25",15.28,
2016-11-11 00:00:00,"26,25",15.48,
2016-11-14 00:00:00,"26,25",15.79,
2016-11-15 00:00:00,"26,25",15.73,
2016-11-16 00:00:00,"25,75",15.73,
2016-11-17 00:00:00,"25,75",15.68,
2016-11-18 00:00:00,"25,75",15.69,
2016-11-21 00:00:00,"25,75",15.63,
2016-11-22 00:00:00,"25,75",15.66,
2016-11-23 00:00:00,"25,25",15.75,
2016-11-24 00:00:00,"25,25",15.76,
2016-11-25 00:00:00,"25,25",15.75,
2016-11-29 00:00:00,"25,25",15.88,
2016-11-30 00:00:00,"24,75",16.1,1.6
2016-12-01 00:00:00,"24,75",16.1,
2016-12-02 00:00:00,"24,75",16.1,
2016-12-05 00:00:00,"24,75",16.12,
2016-12-06 00:00:00,"24,75",16.13,
2016-12-07 00:00:00,"24,75",16.19,
2016-12-12 00:00:00,"24,75",16.28,
2016-12-13 00:00:00,"24,75",16.22,
2016-12-14 00:00:00,"24,75",16.17,
2016-12-15 00:00:00,"24,75",16.22,
2016-12-16 00:00:00,"24,75",16.16,
2016-12-19 00:00:00,"24,75",16.05,
2016-12-20 00:00:00,"24,75",16.05,
2016-12-21 00:00:00,"24,75",16.09,
2016-12-22 00:00:00,"24,75",16.01,
2016-12-23 00:00:00,"24,75",15.79,
2016-12-26 00:00:00,"24,75",15.8,
2016-12-27 00:00:00,"24,75",15.78,
2016-12-28 00:00:00,"24,75",15.89,
2016-12-29 00:00:00,"24,75",16.14,
2016-12-30 00:00:00,"24,75",16.13,
2016-12-31 00:00:00,,,1.2
2017-01-02 00:00:00,"24,75",16.16,
2017-01-03 00:00:00,"24,75",16.16,
2017-01-04 00:00:00,"24,75",16.37,
2017-01-05 00:00:00,"24,75",16.23,
2017-01-06 00:00:00,"24,75",16.05,
2017-01-09 00:00:00,"24,75",16.08,
2017-01-10 00:00:00,"24,75",16.1,
2017-01-11 00:00:00,"24,75",16.11,
2017-01-12 00:00:00,"24,75",16.08,
2017-01-13 00:00:00,"24,75",16.08,
2017-01-16 00:00:00,"24,75",16.09,
2017-01-17 00:00:00,"24,75",16.12,
2017-01-18 00:00:00,"24,75",16.2,
2017-01-19 00:00:00,"24,75",16.19,
2017-01-20 00:00:00,"24,75",16.13,
2017-01-23 00:00:00,"24,75",16.16,
2017-01-24 00:00:00,"24,75",16.19,
2017-01-25 00:00:00,"24,75",16.18,
2017-01-26 00:00:00,"24,75",16.19,
2017-01-27 00:00:00,"24,75",16.15,
2017-01-30 00:00:00,"24,75",16.17,
2017-01-31 00:00:00,"24,75",16.14,1.3
2017-02-01 00:00:00,"24,75",16.05,
2017-02-02 00:00:00,"24,75",15.92,
2017-02-03 00:00:00,"24,75",15.88,
2017-02-06 00:00:00,"24,75",15.98,
2017-02-07 00:00:00,"24,75",15.95,
2017-02-08 00:00:00,"24,75",15.96,
2017-02-09 00:00:00,"24,75",15.92,
2017-02-10 00:00:00,"24,75",15.81,
2017-02-13 00:00:00,"24,75",15.76,
2017-02-14 00:00:00,"24,75",15.8,
2017-02-15 00:00:00,"24,75",15.7,
2017-02-16 00:00:00,"24,75",15.68,
2017-02-17 00:00:00,"24,75",15.95,
2017-02-20 00:00:00,"24,75",15.99,
2017-02-21 00:00:00,"24,75",15.91,
2017-02-22 00:00:00,"24,75",15.8,
2017-02-23 00:00:00,"24,75",15.83,
2017-02-24 00:00:00,"24,75",15.76,
2017-02-28 00:00:00,,,2.5
2017-03-01 00:00:00,"24,75",15.74,
2017-03-02 00:00:00,"24,75",15.69,
2017-03-03 00:00:00,"24,75",15.71,
2017-03-06 00:00:00,"24,75",15.71,
2017-03-07 00:00:00,"24,75",15.78,
2017-03-08 00:00:00,"24,75",15.89,
2017-03-09 00:00:00,"24,75",15.87,
2017-03-10 00:00:00,"24,75",15.79,
2017-03-13 00:00:00,"24,75",15.81,
2017-03-14 00:00:00,"24,75",15.81,
2017-03-15 00:00:00,"24,75",15.82,
2017-03-16 00:00:00,"24,75",15.83,
2017-03-17 00:00:00,"24,75",15.82,
2017-03-20 00:00:00,"24,75",15.93,
2017-03-21 00:00:00,"24,75",15.9,
2017-03-22 00:00:00,"24,75",15.9,
2017-03-23 00:00:00,"24,75",15.91,
2017-03-27 00:00:00,"24,75",15.88,
2017-03-28 00:00:00,"24,75",15.84,
2017-03-29 00:00:00,"24,75",15.74,
2017-03-30 00:00:00,"24,75",15.7,
2017-03-31 00:00:00,"24,75",15.63,2.4
2017-04-03 00:00:00,"24,75",15.72,
2017-04-04 00:00:00,"24,75",15.69,
2017-04-05 00:00:00,"24,75",15.65,
2017-04-06 00:00:00,"24,75",15.68,
2017-04-07 00:00:00,"24,75",15.66,
2017-04-10 00:00:00,"24,75",15.55,
2017-04-11 00:00:00,"24,75",15.52,
2017-04-12 00:00:00,"26,25",15.49,
2017-04-17 00:00:00,"26,25",15.5,
2017-04-18 00:00:00,"26,25",15.55,
2017-04-19 00:00:00,"26,25",15.72,
2017-04-20 00:00:00,"26,25",15.7,
2017-04-21 00:00:00,"26,25",15.72,
2017-04-24 00:00:00,"26,25",15.6,
2017-04-25 00:00:00,"26,25",15.73,
2017-04-26 00:00:00,"26,25",15.75,
2017-04-27 00:00:00,"26,25",15.74,
2017-04-28 00:00:00,"26,25",15.72,
2017-04-30 00:00:00,,,2.6
2017-05-02 00:00:00,"26,25",15.61,
2017-05-03 00:00:00,"26,25",15.58,
2017-05-04 00:00:00,"26,25",15.64,
2017-05-05 00:00:00,"26,25",15.65,
2017-05-08 00:00:00,"26,25",15.7,
2017-05-09 00:00:00,"26,25",15.84,
2017-05-10 00:00:00,"26,25",15.83,
2017-05-11 00:00:00,"26,25",15.75,
2017-05-12 00:00:00,"26,25",15.73,
2017-05-15 00:00:00,"26,25",15.79,
2017-05-16 00:00:00,"26,25",15.89,
2017-05-17 00:00:00,"26,25",15.9,
2017-05-18 00:00:00,"26,25",16.27,
2017-05-19 00:00:00,"26,25",16.22,
2017-05-22 00:00:00,"26,25",16.41,
2017-05-23 00:00:00,"26,25",16.34,
2017-05-24 00:00:00,"26,25",16.34,
2017-05-26 00:00:00,"26,25",16.3,
2017-05-29 00:00:00,"26,25",16.29,
2017-05-30 00:00:00,"26,25",16.37,
2017-05-31 00:00:00,"26,25",16.38,1.3
2017-06-01 00:00:00,"26,25",16.32,
2017-06-02 00:00:00,"26,25",16.3,
2017-06-05 00:00:00,"26,25",16.3,
2017-06-06 00:00:00,"26,25",16.27,
2017-06-07 00:00:00,"26,25",16.27,
2017-06-08 00:00:00,"26,25",16.21,
2017-06-09 00:00:00,"26,25",16.17,
2017-06-12 00:00:00,"26,25",16.18,
2017-06-13 00:00:00,"26,25",16.17,
2017-06-14 00:00:00,"26,25",16.13,
2017-06-15 00:00:00,"26,25",16.2,
2017-06-16 00:00:00,"26,25",16.29,
2017-06-19 00:00:00,"26,25",16.39,
2017-06-21 00:00:00,"26,25",16.53,
2017-06-22 00:00:00,"26,25",16.44,
2017-06-23 00:00:00,"26,25",16.42,
2017-06-26 00:00:00,"26,25",16.55,
2017-06-27 00:00:00,"26,25",16.66,
2017-06-28 00:00:00,"26,25",16.68,
2017-06-29 00:00:00,"26,25",16.75,
2017-06-30 00:00:00,"26,25",16.88,1.2
2017-07-03 00:00:00,"26,25",17.06,
2017-07-04 00:00:00,"26,25",17.18,
2017-07-05 00:00:00,"26,25",17.4,
2017-07-06 00:00:00,"26,25",17.38,
2017-07-07 00:00:00,"26,25",17.29,
2017-07-10 00:00:00,"26,25",17.28,
2017-07-11 00:00:00,"26,25",17.3,
2017-07-12 00:00:00,"26,25",17.26,
2017-07-13 00:00:00,"26,25",17.26,
2017-07-14 00:00:00,"26,25",17.14,
2017-07-17 00:00:00,"26,25",17.19,
2017-07-18 00:00:00,"26,25",17.39,
2017-07-19 00:00:00,"26,25",17.46,
2017-07-20 00:00:00,"26,25",17.46,
2017-07-21 00:00:00,"26,25",17.66,
2017-07-24 00:00:00,"26,25",17.71,
2017-07-25 00:00:00,"26,25",17.66,
2017-07-26 00:00:00,"26,25",17.76,
2017-07-27 00:00:00,"26,25",17.86,
2017-07-28 00:00:00,"26,25",18.01,
2017-07-31 00:00:00,"26,25",17.94,1.7
2017-08-01 00:00:00,"26,25",17.87,
2017-08-02 00:00:00,"26,25",17.86,
2017-08-03 00:00:00,"26,25",17.94,
2017-08-04 00:00:00,"26,25",17.94,
2017-08-07 00:00:00,"26,25",17.97,
2017-08-08 00:00:00,"26,25",17.98,
2017-08-09 00:00:00,"26,25",17.99,
2017-08-10 00:00:00,"26,25",17.99,
2017-08-11 00:00:00,"26,25",17.99,
2017-08-14 00:00:00,"26,25",17.47,
2017-08-15 00:00:00,"26,25",17.35,
2017-08-16 00:00:00,"26,25",17.47,
2017-08-17 00:00:00,"26,25",17.62,
2017-08-18 00:00:00,"26,25",17.57,
2017-08-22 00:00:00,"26,25",17.5,
2017-08-23 00:00:00,"26,25",17.51,
2017-08-24 00:00:00,"26,25",17.46,
2017-08-25 00:00:00,"26,25",17.49,
2017-08-28 00:00:00,"26,25",17.49,
2017-08-29 00:00:00,"26,25",17.65,
2017-08-30 00:00:00,"26,25",17.66,
2017-08-31 00:00:00,"26,25",17.61,1.4
2017-09-01 00:00:00,"26,25",17.51,
2017-09-04 00:00:00,"26,25",17.55,
2017-09-05 00:00:00,"26,25",17.54,
2017-09-06 00:00:00,"26,25",17.49,
2017-09-07 00:00:00,"26,25",17.49,
2017-09-08 00:00:00,"26,25",17.48,
2017-09-11 00:00:00,"26,25",17.46,
2017-09-12 00:00:00,"26,25",17.37,
2017-09-13 00:00:00,"26,25",17.34,
2017-09-14 00:00:00,"26,25",17.29,
2017-09-15 00:00:00,"26,25",17.27,
2017-09-18 00:00:00,"26,25",17.36,
2017-09-19 00:00:00,"26,25",17.42,
2017-09-20 00:00:00,"26,25",17.42,
2017-09-21 00:00:00,"26,25",17.56,
2017-09-22 00:00:00,"26,25",17.59,
2017-09-25 00:00:00,"26,25",17.76,
2017-09-26 00:00:00,"26,25",17.85,
2017-09-27 00:00:00,"26,25",17.83,
2017-09-28 00:00:00,"26,25",17.79,
2017-09-29 00:00:00,"26,25",17.6,
2017-09-30 00:00:00,,,1.9
2017-10-02 00:00:00,"26,25",17.69,
2017-10-03 00:00:00,"26,25",17.72,
2017-10-04 00:00:00,"26,25",17.64,
2017-10-05 00:00:00,"26,25",17.66,
2017-10-06 00:00:00,"26,25",17.76,
2017-10-09 00:00:00,"26,25",17.77,
2017-10-10 00:00:00,"26,25",17.73,
2017-10-11 00:00:00,"26,25",17.72,
2017-10-12 00:00:00,"26,25",17.73,
2017-10-13 00:00:00,"26,25",17.65,
2017-10-17 00:00:00,"26,25",17.64,
2017-10-18 00:00:00,"26,25",17.63,
2017-10-19 00:00:00,"26,25",17.72,
2017-10-20 00:00:00,"26,25",17.74,
2017-10-23 00:00:00,"26,25",17.67,
2017-10-24 00:00:00,"26,25",17.77,
2017-10-25 00:00:00,"27,75",17.76,
2017-10-26 00:00:00,"27,75",17.9,
2017-10-27 00:00:00,"27,75",17.93,
2017-10-30 00:00:00,"27,75",17.96,
2017-10-31 00:00:00,"27,75",17.93,1.5
2017-11-01 00:00:00,"27,75",17.93,
2017-11-02 00:00:00,"27,75",17.83,
2017-11-03 00:00:00,"27,75",17.89,
2017-11-07 00:00:00,"27,75",17.93,
2017-11-08 00:00:00,"28,75",17.83,
2017-11-09 00:00:00,"28,75",17.8,
2017-11-10 00:00:00,"28,75",17.79,
2017-11-13 00:00:00,"28,75",17.8,
2017-11-14 00:00:00,"28,75",17.75,
2017-11-15 00:00:00,"28,75",17.79,
2017-11-16 00:00:00,"28,75",17.78,
2017-11-17 00:00:00,"28,75",17.77,
2017-11-21 00:00:00,"28,75",17.78,
2017-11-22 00:00:00,"28,75",17.73,
2017-11-23 00:00:00,"28,75",17.71,
2017-11-24 00:00:00,"28,75",17.66,
2017-11-27 00:00:00,"28,75",17.61,
2017-11-28 00:00:00,"28,75",17.63,
2017-11-29 00:00:00,"28,75",17.7,
2017-11-30 00:00:00,"28,75",17.63,1.4
2017-12-01 00:00:00,"28,75",17.55,
2017-12-04 00:00:00,"28,75",17.61,
2017-12-05 00:00:00,"28,75",17.63,
2017-12-06 00:00:00,"28,75",17.6,
2017-12-07 00:00:00,"28,75",17.6,
2017-12-11 00:00:00,"28,75",17.56,
2017-12-12 00:00:00,"28,75",17.66,
2017-12-13 00:00:00,"28,75",17.64,
2017-12-14 00:00:00,"28,75",17.7,
2017-12-15 00:00:00,"28,75",17.81,
2017-12-18 00:00:00,"28,75",17.87,
2017-12-19 00:00:00,"28,75",17.95,
2017-12-20 00:00:00,"28,75",18.02,
2017-12-21 00:00:00,"28,75",18.22,
2017-12-22 00:00:00,"28,75",18.33,
2017-12-26 00:00:00,"28,75",18.61,
2017-12-27 00:00:00,"28,75",18.78,
2017-12-28 00:00:00,"28,75",19.46,
2017-12-29 00:00:00,"28,75",18.92,
2017-12-31 00:00:00,,,3.1
2018-01-02 00:00:00,"28,75",18.74,
2018-01-03 00:00:00,"28,75",18.78,
2018-01-04 00:00:00,"28,75",18.96,
2018-01-05 00:00:00,"28,75",19.21,
2018-01-08 00:00:00,"28,75",19.34,
2018-01-09 00:00:00,"28,75",19.29,
2018-01-10 00:00:00,"28,00",18.96,
2018-01-11 00:00:00,"28,00",18.99,
2018-01-12 00:00:00,"28,00",19.01,
2018-01-15 00:00:00,"28,00",19.05,
2018-01-16 00:00:00,"28,00",19.19,
2018-01-17 00:00:00,"28,00",19.2,
2018-01-18 00:00:00,"28,00",19.15,
2018-01-19 00:00:00,"28,00",19.29,
2018-01-22 00:00:00,"28,00",19.42,
2018-01-23 00:00:00,"28,00",19.66,
2018-01-24 00:00:00,"27,25",19.93,
2018-01-25 00:00:00,"27,25",19.85,
2018-01-26 00:00:00,"27,25",19.85,
2018-01-29 00:00:00,"27,25",19.88,
2018-01-30 00:00:00,"27,25",19.9,
2018-01-31 00:00:00,"27,25",19.93,1.8
2018-02-01 00:00:00,"27,25",19.71,
2018-02-02 00:00:00,"27,25",19.81,
2018-02-05 00:00:00,"27,25",19.8,
2018-02-06 00:00:00,"27,25",19.94,
2018-02-07 00:00:00,"27,25",19.95,
2018-02-08 00:00:00,"27,25",20.22,
2018-02-09 00:00:00,"27,25",20.35,
2018-02-14 00:00:00,"27,25",20.23,
2018-02-15 00:00:00,"27,25",20.02,
2018-02-16 00:00:00,"27,25",20,
2018-02-19 00:00:00,"27,25",20.18,
2018-02-20 00:00:00,"27,25",20.17,
2018-02-21 00:00:00,"27,25",20.21,
2018-02-22 00:00:00,"27,25",20.27,
2018-02-23 00:00:00,"27,25",20.28,
2018-02-26 00:00:00,"27,25",20.48,
2018-02-27 00:00:00,"27,25",20.49,
2018-02-28 00:00:00,"27,25",20.42,2.4
2018-03-01 00:00:00,"27,25",20.46,
2018-03-02 00:00:00,"27,25",20.54,
2018-03-05 00:00:00,"27,25",20.52,
2018-03-06 00:00:00,"27,25",20.61,
2018-03-07 00:00:00,"27,25",20.69,
2018-03-08 00:00:00,"27,25",20.68,
2018-03-09 00:00:00,"27,25",20.54,
2018-03-12 00:00:00,"27,25",20.51,
2018-03-13 00:00:00,"27,25",20.51,
2018-03-14 00:00:00,"27,25",20.52,
2018-03-15 00:00:00,"27,25",20.61,
2018-03-16 00:00:00,"27,25",20.53,
2018-03-19 00:00:00,"27,25",20.54,
2018-03-20 00:00:00,"27,25",20.55,
2018-03-21 00:00:00,"27,25",20.6,
2018-03-22 00:00:00,"27,25",20.57,
2018-03-23 00:00:00,"27,25",20.5,
2018-03-26 00:00:00,"27,25",20.47,
2018-03-27 00:00:00,"27,25",20.48,
2018-03-28 00:00:00,"27,25",20.44,
2018-03-31 00:00:00,,,2.3
2018-04-03 00:00:00,"27,25",20.44,
2018-04-04 00:00:00,"27,25",20.49,
2018-04-05 00:00:00,"27,25",20.5,
2018-04-06 00:00:00,"27,25",20.5,
2018-04-09 00:00:00,"27,25",20.5,
2018-04-10 00:00:00,"27,25",20.5,
2018-04-11 00:00:00,"27,25",20.47,
2018-04-12 00:00:00,"27,25",20.48,
2018-04-13 00:00:00,"27,25",20.5,
2018-04-16 00:00:00,"27,25",20.51,
2018-04-17 00:00:00,"27,25",20.49,
2018-04-18 00:00:00,"27,25",20.45,
2018-04-19 00:00:00,"27,25",20.47,
2018-04-20 00:00:00,"27,25",20.48,
2018-04-23 00:00:00,"27,25",20.51,
2018-04-24 00:00:00,"27,25",20.54,
2018-04-25 00:00:00,"27,25",20.56,
2018-04-26 00:00:00,"27,25",20.84,
2018-04-27 00:00:00,"30,25",20.88,
2018-04-30 00:00:00,,,2.7
2018-05-02 00:00:00,"30,25",21.52,
2018-05-03 00:00:00,"33,25",22.99,
2018-05-04 00:00:00,"40,00",22.28,
2018-05-07 00:00:00,"40,00",22.33,
2018-05-08 00:00:00,"40,00",22.9,
2018-05-09 00:00:00,"40,00",23.13,
2018-05-10 00:00:00,"40,00",23.22,
2018-05-11 00:00:00,"40,00",23.73,
2018-05-14 00:00:00,"40,00",25.51,
2018-05-15 00:00:00,"40,00",24.68,
2018-05-16 00:00:00,"40,00",24.8,
2018-05-17 00:00:00,"40,00",24.89,
2018-05-18 00:00:00,"40,00",25.05,
2018-05-21 00:00:00,"40,00",24.9,
2018-05-22 00:00:00,"40,00",24.86,
2018-05-23 00:00:00,"40,00",24.99,
2018-05-24 00:00:00,"40,00",25.16,
2018-05-28 00:00:00,"40,00",25.25,
2018-05-29 00:00:00,"40,00",25.47,
2018-05-30 00:00:00,"40,00",25.49,
2018-05-31 00:00:00,"40,00",25.51,2.1
2018-06-01 00:00:00,"40,00",25.57,
2018-06-04 00:00:00,"40,00",25.55,
2018-06-05 00:00:00,"40,00",25.55,
2018-06-06 00:00:00,"40,00",25.47,
2018-06-07 00:00:00,"40,00",25.54,
2018-06-08 00:00:00,"40,00",25.95,
2018-06-11 00:00:00,"40,00",26.44,
2018-06-12 00:00:00,"40,00",26.38,
2018-06-13 00:00:00,"40,00",26.69,
2018-06-14 00:00:00,"40,00",28.43,
2018-06-15 00:00:00,"40,00",28.85,
2018-06-18 00:00:00,"40,00",28.41,
2018-06-19 00:00:00,"40,00",28.46,
2018-06-21 00:00:00,"40,00",28.19,
2018-06-22 00:00:00,"40,00",27.76,
2018-06-25 00:00:00,"40,00",27.66,
2018-06-26 00:00:00,"40,00",27.73,
2018-06-27 00:00:00,"40,00",28.05,
2018-06-28 00:00:00,"40,00",28.68,
2018-06-29 00:00:00,"40,00",29.57,
2018-06-30 00:00:00,,,3.7
2018-07-02 00:00:00,"40,00",29.04,
2018-07-03 00:00:00,"40,00",28.67,
2018-07-04 00:00:00,"40,00",28.78,
2018-07-05 00:00:00,"40,00",28.75,
2018-07-06 00:00:00,"40,00",28.62,
2018-07-10 00:00:00,"40,00",28.05,
2018-07-11 00:00:00,"40,00",28.19,
2018-07-12 00:00:00,"40,00",27.92,
2018-07-13 00:00:00,"40,00",27.94,
2018-07-16 00:00:00,"40,00",28,
2018-07-17 00:00:00,"40,00",28.16,
2018-07-18 00:00:00,"40,00",28.32,
2018-07-19 00:00:00,"40,00",28.36,
2018-07-20 00:00:00,"40,00",28.27,
2018-07-23 00:00:00,"40,00",28.27,
2018-07-24 00:00:00,"40,00",28.14,
2018-07-25 00:00:00,"40,00",28.03,
2018-07-26 00:00:00,"40,00",28.04,
2018-07-27 00:00:00,"40,00",28.01,
2018-07-30 00:00:00,"40,00",28.02,
2018-07-31 00:00:00,"40,00",28.03,3.1
2018-08-01 00:00:00,"40,00",28.23,
2018-08-02 00:00:00,"40,00",28.17,
2018-08-03 00:00:00,"40,00",28.01,
2018-08-06 00:00:00,"40,00",28.04,
2018-08-07 00:00:00,"40,00",28.03,
2018-08-08 00:00:00,"40,00",28.23,
2018-08-09 00:00:00,"40,00",28.7,
2018-08-10 00:00:00,"40,00",29.8,
2018-08-13 00:00:00,"45,00",30.68,
2018-08-14 00:00:00,"45,00",30.38,
2018-08-15 00:00:00,"45,00",30.68,
2018-08-16 00:00:00,"45,00",30.39,
2018-08-17 00:00:00,"45,00",30.43,
2018-08-21 00:00:00,"45,00",30.55,
2018-08-22 00:00:00,"45,00",30.82,
2018-08-23 00:00:00,"45,00",30.98,
2018-08-24 00:00:00,"45,00",31.47,
2018-08-27 00:00:00,"45,00",31.54,
2018-08-28 00:00:00,"45,00",32.06,
2018-08-29 00:00:00,"45,00",34.4,
2018-08-30 00:00:00,"60,00",39.78,
2018-08-31 00:00:00,"60,00",38,3.9
2018-09-03 00:00:00,"60,00",38.99,
2018-09-04 00:00:00,"60,00",39.69,
2018-09-05 00:00:00,"60,00",39.25,
2018-09-06 00:00:00,"60,00",38.32,
2018-09-07 00:00:00,"60,00",37.81,
2018-09-10 00:00:00,"60,00",38.18,
2018-09-11 00:00:00,"60,00",38.71,
2018-09-12 00:00:00,"60,00",39.08,
2018-09-13 00:00:00,"60,00",40.22,
2018-09-14 00:00:00,"60,00",40.51,
2018-09-17 00:00:00,"60,00",40.41,
2018-09-18 00:00:00,"60,00",40.5,
2018-09-19 00:00:00,"60,00",40.12,
2018-09-20 00:00:00,"60,00",38.98,
2018-09-21 00:00:00,"60,00",38.14,
2018-09-24 00:00:00,"60,00",38.18,
2018-09-25 00:00:00,"60,00",38.88,
2018-09-26 00:00:00,"60,00",39.44,
2018-09-27 00:00:00,"60,00",40.53,
2018-09-28 00:00:00,"65,00",41.89,
2018-09-30 00:00:00,,,6.5
2018-10-01 00:00:00,"67,18",40.74,
2018-10-02 00:00:00,"69,47",39.07,
2018-10-03 00:00:00,"71,27",38.73,
2018-10-04 00:00:00,"72,83",39.45,
2018-10-05 00:00:00,"73,31",38.91,
2018-10-08 00:00:00,"73,52",38.56,
2018-10-09 00:00:00,"72,60",38.18,
2018-10-10 00:00:00,"72,41",38.17,
2018-10-11 00:00:00,"72,73",37.77,
2018-10-12 00:00:00,"72,00",37.6,
2018-10-16 00:00:00,"72,20",37.11,
2018-10-17 00:00:00,"72,66",37.29,
2018-10-18 00:00:00,"72,54",37.51,
2018-10-19 00:00:00,"72,88",37.53,
2018-10-22 00:00:00,"71,73",37.42,
2018-10-23 00:00:00,"71,39",37.58,
2018-10-24 00:00:00,"71,87",37.88,
2018-10-25 00:00:00,"71,94",37.79,
2018-10-26 00:00:00,"71,76",37.85,
2018-10-29 00:00:00,"70,63",37.77,
2018-10-30 00:00:00,"70,05",37.78,
2018-10-31 00:00:00,"68,05",36.98,5.4
2018-11-01 00:00:00,"68,80",36.78,
2018-11-02 00:00:00,"68,52",36.6,
2018-11-05 00:00:00,"68,20",36.6,
2018-11-07 00:00:00,"67,43",36.72,
2018-11-08 00:00:00,"67,13",36.53,
2018-11-09 00:00:00,"66,65",36.38,
2018-11-12 00:00:00,"65,77",36.42,
2018-11-13 00:00:00,"65,04",36.97,
2018-11-14 00:00:00,"63,29",37,
2018-11-15 00:00:00,"62,50",36.98,
2018-11-16 00:00:00,"62,21",36.98,
2018-11-20 00:00:00,"62,12",37.17,
2018-11-21 00:00:00,"61,95",37.25,
2018-11-22 00:00:00,"61,70",37.43,
2018-11-23 00:00:00,"61,41",38.51,
2018-11-26 00:00:00,"61,24",39.97,
2018-11-27 00:00:00,"61,25",39.58,
2018-11-28 00:00:00,"61,20",39.54,
2018-11-29 00:00:00,"60,75",38.81,
2018-11-30 00:00:00,,,3.2
2018-12-03 00:00:00,"60,28",37.62,
2018-12-04 00:00:00,"60,00",38.32,
2018-12-05 00:00:00,"59,10",38.68,
2018-12-06 00:00:00,"59,01",38.67,
2018-12-07 00:00:00,"59,16",38.31,
2018-12-10 00:00:00,"59,23",38.75,
2018-12-11 00:00:00,"58,97",38.75,
2018-12-12 00:00:00,"59,13",38.62,
2018-12-13 00:00:00,"59,16",38.8,
2018-12-14 00:00:00,"59,08",39.03,
2018-12-17 00:00:00,"59,41",39.22,
2018-12-18 00:00:00,"59,44",39.19,
2018-12-19 00:00:00,"59,45",39.33,
2018-12-20 00:00:00,"59,58",39.05,
2018-12-21 00:00:00,"59,38",39.03,
2018-12-26 00:00:00,"59,36",39.48,
2018-12-27 00:00:00,"59,39",39.4,
2018-12-28 00:00:00,"59,25",38.85,
2018-12-31 00:00:00,,,2.6
2019-01-02 00:00:00,"59,25",38.74,
2019-01-03 00:00:00,"59,25",38.51,
2019-01-04 00:00:00,"59,29",38.41,
2019-01-07 00:00:00,"58,96",38.4,
2019-01-08 00:00:00,"58,80",38.63,
2019-01-09 00:00:00,"58,78",38.5,
2019-01-10 00:00:00,"58,46",38.16,
2019-01-11 00:00:00,"58,11",38.03,
2019-01-14 00:00:00,"57,80",38.06,
2019-01-15 00:00:00,"57,61",38.2,
2019-01-16 00:00:00,"57,54",38.47,
2019-01-17 00:00:00,"57,32",38.74,
2019-01-18 00:00:00,"57,25",38.56,
2019-01-21 00:00:00,"57,13",38.69,
2019-01-22 00:00:00,"56,94",38.53,
2019-01-23 00:00:00,"56,87",38.58,
2019-01-24 00:00:00,"56,70",38.48,
2019-01-25 00:00:00,"56,60",38.19,
2019-01-28 00:00:00,"56,31",38.14,
2019-01-29 00:00:00,"55,64",38.57,
2019-01-30 00:00:00,"54,89",38.59,
2019-01-31 00:00:00,"53,69",38.28,2.9
2019-02-01 00:00:00,"52,44",38.31,
2019-02-04 00:00:00,"51,30",38.26,
2019-02-05 00:00:00,"50,02",38.25,
2019-02-06 00:00:00,"48,82",38.4,
2019-02-07 00:00:00,"47,55",38.91,
2019-02-08 00:00:00,"46,24",38.9,
2019-02-11 00:00:00,"45,16",39.07,
2019-02-12 00:00:00,"44,36",38.94,
2019-02-13 00:00:00,"43,97",39.2,
2019-02-14 00:00:00,"43,94",39.3,
2019-02-15 00:00:00,"44,21",39.51,
2019-02-18 00:00:00,"44,31",39.8,
2019-02-19 00:00:00,"44,49",40.32,
2019-02-20 00:00:00,"46,01",40.71,
2019-02-21 00:00:00,"49,03",40.54,
2019-02-22 00:00:00,"49,52",40.21,
2019-02-25 00:00:00,"49,83",40.01,
2019-02-26 00:00:00,"50,07",39.95,
2019-02-27 00:00:00,"49,98",39.83,
2019-02-28 00:00:00,"50,13",40.14,3.8
2019-03-01 00:00:00,"50,22",40.84,
2019-03-06 00:00:00,"50,55",41.71,
2019-03-07 00:00:00,"51,86",43.41,
2019-03-08 00:00:00,"57,89",42.27,
2019-03-11 00:00:00,"59,86",42.29,
2019-03-12 00:00:00,"62,12",42.52,
2019-03-13 00:00:00,"63,33",42.3,
2019-03-14 00:00:00,"63,66",41.76,
2019-03-15 00:00:00,"63,74",41.13,
2019-03-18 00:00:00,"63,71",41.02,
2019-03-19 00:00:00,"63,87",41.59,
2019-03-20 00:00:00,"64,89",41.95,
2019-03-21 00:00:00,"65,76",42.02,
2019-03-22 00:00:00,"66,66",42.86,
2019-03-25 00:00:00,"66,83",42.99,
2019-03-26 00:00:00,"66,93",43.67,
2019-03-27 00:00:00,"67,76",44.92,
2019-03-28 00:00:00,"68,35",44.65,
2019-03-29 00:00:00,"68,16",44.4,
2019-03-31 00:00:00,,,4.7
2019-04-01 00:00:00,"68,15",43.86,
2019-04-03 00:00:00,"67,98",43.84,
2019-04-04 00:00:00,"67,69",44.41,
2019-04-05 00:00:00,"67,38",44.96,
2019-04-08 00:00:00,"67,17",44.84,
2019-04-09 00:00:00,"66,94",44.5,
2019-04-10 00:00:00,"66,76",44.07,
2019-04-11 00:00:00,"66,81",43.87,
2019-04-12 00:00:00,"66,86",43.29,
2019-04-15 00:00:00,"66,85",42.65,
2019-04-16 00:00:00,"66,79",43.38,
2019-04-17 00:00:00,"67,12",42.98,
2019-04-22 00:00:00,"67,87",43.69,
2019-04-23 00:00:00,"67,89",43.52,
2019-04-24 00:00:00,"68,37",44.92,
2019-04-25 00:00:00,"71,04",46.09,
2019-04-26 00:00:00,"71,87",46.9,
2019-04-29 00:00:00,"73,19",45.6,
2019-04-30 00:00:00,"73,93",45.36,3.4
2019-05-02 00:00:00,"74,07",46.02,
2019-05-03 00:00:00,"73,77",45.55,
2019-05-06 00:00:00,"73,53",45.93,
2019-05-07 00:00:00,"73,24",46.36,
2019-05-08 00:00:00,"72,88",46.33,
2019-05-09 00:00:00,"72,48",46.49,
2019-05-10 00:00:00,"72,05",46.04,
2019-05-13 00:00:00,"71,74",46.39,
2019-05-14 00:00:00,"71,63",46.16,
2019-05-15 00:00:00,"71,60",46.16,
2019-05-16 00:00:00,"71,57",46,
2019-05-17 00:00:00,"71,48",46.2,
2019-05-20 00:00:00,"71,44",46.42,
2019-05-21 00:00:00,"71,22",46.04,
2019-05-22 00:00:00,"70,99",46.05,
2019-05-23 00:00:00,"70,89",46.26,
2019-05-24 00:00:00,"70,90",46.06,
2019-05-27 00:00:00,"70,82",46.09,
2019-05-28 00:00:00,"70,79",45.88,
2019-05-29 00:00:00,"70,75",45.78,
2019-05-30 00:00:00,"70,75",45.64,
2019-05-31 00:00:00,"70,73",46.1,3.1
2019-06-03 00:00:00,"70,69",46.13,
2019-06-04 00:00:00,"70,53",45.96,
2019-06-05 00:00:00,"70,28",46.08,
2019-06-06 00:00:00,"69,97",46.12,
2019-06-07 00:00:00,"69,61",46.12,
2019-06-10 00:00:00,"69,24",46.14,
2019-06-11 00:00:00,"68,89",45.94,
2019-06-12 00:00:00,"67,98",44.88,
2019-06-13 00:00:00,"67,31",44.62,
2019-06-14 00:00:00,"66,66",45.17,
2019-06-18 00:00:00,"66,11",44.71,
2019-06-19 00:00:00,"65,44",44.5,
2019-06-21 00:00:00,"64,62",44.08,
2019-06-24 00:00:00,"63,84",43.67,
2019-06-25 00:00:00,"63,03",43.48,
2019-06-26 00:00:00,"62,60",43.95,
2019-06-27 00:00:00,"62,60",43.94,
2019-06-28 00:00:00,"62,69",43.7,
2019-06-30 00:00:00,,,2.7
2019-07-01 00:00:00,"62,08",43.48,
2019-07-02 00:00:00,"61,38",43.45,
2019-07-03 00:00:00,"60,80",43.25,
2019-07-04 00:00:00,"60,34",42.89,
2019-07-05 00:00:00,"59,90",43.1,
2019-07-10 00:00:00,"59,48",43.09,
2019-07-11 00:00:00,"59,16",42.91,
2019-07-12 00:00:00,"59,01",42.85,
2019-07-15 00:00:00,"58,83",43.41,
2019-07-16 00:00:00,"58,80",43.78,
2019-07-17 00:00:00,"58,74",43.71,
2019-07-18 00:00:00,"58,72",43.61,
2019-07-19 00:00:00,"58,71",43.62,
2019-07-22 00:00:00,"58,78",43.61,
2019-07-23 00:00:00,"58,91",43.87,
2019-07-24 00:00:00,"59,01",44.06,
2019-07-25 00:00:00,"59,23",44.56,
2019-07-26 00:00:00,"59,59",44.52,
2019-07-29 00:00:00,"59,99",44.93,
2019-07-30 00:00:00,"60,27",45.06,
2019-07-31 00:00:00,"60,40",45.02,2.2
2019-08-01 00:00:00,"60,65",45.55,
2019-08-02 00:00:00,"61,01",45.89,
2019-08-05 00:00:00,"61,59",46.69,
2019-08-06 00:00:00,"62,28",46.48,
2019-08-07 00:00:00,"62,93",46.8,
2019-08-08 00:00:00,"63,38",46.47,
2019-08-09 00:00:00,"63,71",46.55,
2019-08-12 00:00:00,"74,78",57.3,
2019-08-13 00:00:00,"74,85",58.33,
2019-08-14 00:00:00,"74,93",62.18,
2019-08-15 00:00:00,"74,96",59.72,
2019-08-16 00:00:00,"74,97",58.12,
2019-08-20 00:00:00,"74,96",57.38,
2019-08-21 00:00:00,"74,98",57.27,
2019-08-22 00:00:00,"74,98",57.24,
2019-08-23 00:00:00,"74,98",57.31,
2019-08-26 00:00:00,"74,99",57.21,
2019-08-27 00:00:00,"74,99",58.66,
2019-08-28 00:00:00,"74,98",60.17,
2019-08-29 00:00:00,"78,21",60.3,
2019-08-30 00:00:00,"83,26",62.04,
2019-08-31 00:00:00,,,4
2019-09-02 00:00:00,"85,28",58.41,
2019-09-03 00:00:00,"85,73",58.49,
2019-09-04 00:00:00,"85,80",58.06,
2019-09-05 00:00:00,"85,80",58.21,
2019-09-06 00:00:00,"85,83",58.02,
2019-09-09 00:00:00,"85,98",58.15,
2019-09-10 00:00:00,"85,99",58.13,
2019-09-11 00:00:00,"85,99",58.24,
2019-09-12 00:00:00,"85,99",58.41,
2019-09-13 00:00:00,"84,15",58.44,
2019-09-16 00:00:00,"84,01",58.77,
2019-09-17 00:00:00,"83,46",59.07,
2019-09-18 00:00:00,"83,21",59.15,
2019-09-19 00:00:00,"82,79",59.07,
2019-09-20 00:00:00,"82,25",59.08,
2019-09-23 00:00:00,"81,78",59.32,
2019-09-24 00:00:00,"81,32",59.34,
2019-09-25 00:00:00,"80,83",59.34,
2019-09-26 00:00:00,"79,99",59.51,
2019-09-27 00:00:00,"79,21",59.56,
2019-09-30 00:00:00,"78,37",59.82,5.9
2019-10-01 00:00:00,"77,71",60.1,
2019-10-02 00:00:00,"76,99",60.22,
2019-10-03 00:00:00,"75,98",60.23,
2019-10-04 00:00:00,"74,98",60.09,
2019-10-07 00:00:00,"72,97",60.19,
2019-10-08 00:00:00,"71,92",60.24,
2019-10-09 00:00:00,"70,99",60.3,
2019-10-10 00:00:00,"69,49",60.31,
2019-10-11 00:00:00,"68,02",60.31,
2019-10-15 00:00:00,"68,00",60.44,
2019-10-16 00:00:00,"68,00",60.54,
2019-10-17 00:00:00,"68,00",60.59,
2019-10-18 00:00:00,"68,00",60.73,
2019-10-21 00:00:00,"68,00",61,
2019-10-22 00:00:00,"68,00",61.33,
2019-10-23 00:00:00,"68,00",62.37,
2019-10-24 00:00:00,"68,00",63.34,
2019-10-25 00:00:00,"68,00",65,
2019-10-28 00:00:00,"68,00",63.46,
2019-10-29 00:00:00,"68,00",63.42,
2019-10-30 00:00:00,"68,00",63.43,
2019-10-31 00:00:00,"68,00",63.23,3.3
2019-11-01 00:00:00,"67,03",63.35,
2019-11-04 00:00:00,"65,93",63.33,
2019-11-05 00:00:00,"64,94",63.26,
2019-11-07 00:00:00,"64,01",63.22,
2019-11-08 00:00:00,"63,21",63.05,
2019-11-11 00:00:00,"63,05",63.07,
2019-11-12 00:00:00,"63,01",62.99,
2019-11-13 00:00:00,"63,01",63,
2019-11-14 00:00:00,"63,00",62.97,
2019-11-15 00:00:00,"63,00",62.93,
2019-11-19 00:00:00,"63,00",62.9,
2019-11-20 00:00:00,"63,00",62.9,
2019-11-21 00:00:00,"63,00",62.91,
2019-11-22 00:00:00,"63,00",62.9,
2019-11-25 00:00:00,"63,00",62.91,
2019-11-26 00:00:00,"63,00",62.87,
2019-11-27 00:00:00,"63,00",62.87,
2019-11-28 00:00:00,"63,00",62.88,
2019-11-29 00:00:00,"63,00",62.93,
2019-11-30 00:00:00,,,4.3
2019-12-02 00:00:00,"63,00",62.93,
2019-12-03 00:00:00,"63,00",62.9,
2019-12-04 00:00:00,"63,00",62.94,
2019-12-05 00:00:00,"63,00",62.94,
2019-12-06 00:00:00,"63,00",62.94,
2019-12-09 00:00:00,"63,00",62.99,
2019-12-10 00:00:00,"63,00",63.04,
2019-12-11 00:00:00,"63,00",63.08,
2019-12-12 00:00:00,"63,00",63.09,
2019-12-13 00:00:00,"63,00",63.07,
2019-12-16 00:00:00,"63,00",63.09,
2019-12-17 00:00:00,"63,00",63.09,
2019-12-18 00:00:00,"63,00",63.08,
2019-12-19 00:00:00,"63,00",63.08,
2019-12-20 00:00:00,"58,00",62.99,
2019-12-23 00:00:00,"58,00",63,
2019-12-26 00:00:00,"58,00",62.99,
2019-12-27 00:00:00,"55,00",62.99,
2019-12-30 00:00:00,"55,00",62.99,
2019-12-31 00:00:00,,,3.7
2020-01-02 00:00:00,"55,00",63,
2020-01-03 00:00:00,"55,00",62.98,
2020-01-06 00:00:00,"55,00",62.99,
2020-01-07 00:00:00,"55,00",62.99,
2020-01-08 00:00:00,"55,00",62.99,
2020-01-09 00:00:00,"55,00",62.98,
2020-01-10 00:00:00,"52,00",62.96,
2020-01-13 00:00:00,"52,00",62.96,
2020-01-14 00:00:00,"52,00",62.97,
2020-01-15 00:00:00,"52,00",62.98,
2020-01-16 00:00:00,"52,00",62.97,
2020-01-17 00:00:00,"50,00",62.97,
2020-01-20 00:00:00,"50,00",62.97,
2020-01-21 00:00:00,"50,00",62.98,
2020-01-22 00:00:00,"50,00",62.98,
2020-01-23 00:00:00,"50,00",62.98,
2020-01-24 00:00:00,"50,00",62.98,
2020-01-27 00:00:00,"50,00",62.97,
2020-01-28 00:00:00,"50,00",63.07,
2020-01-29 00:00:00,"50,00",62.97,
2020-01-30 00:00:00,"50,00",62.97,
2020-01-31 00:00:00,"50,00",63.03,2.3
2020-02-03 00:00:00,"50,00",63.05,
2020-02-04 00:00:00,"48,00",63.07,
2020-02-05 00:00:00,"48,00",63.1,
2020-02-06 00:00:00,"48,00",63.01,
2020-02-07 00:00:00,"48,00",63.05,
2020-02-10 00:00:00,"48,00",63.31,
2020-02-11 00:00:00,"48,00",63.46,
2020-02-12 00:00:00,"48,00",63.62,
2020-02-13 00:00:00,"48,00",63.66,
2020-02-14 00:00:00,"48,00",63.73,
2020-02-17 00:00:00,"48,00",63.78,
2020-02-18 00:00:00,"44,00",63.66,
2020-02-19 00:00:00,"44,00",63.71,
2020-02-20 00:00:00,"40,00",63.87,
2020-02-21 00:00:00,"40,00",63.99,
2020-02-26 00:00:00,"40,00",64.09,
2020-02-27 00:00:00,"40,00",64.03,
2020-02-28 00:00:00,"40,00",64.26,
2020-02-29 00:00:00,,,2
2020-03-02 00:00:00,"40,00",64.39,
2020-03-03 00:00:00,"40,00",64.51,
2020-03-04 00:00:00,"40,00",64.53,
2020-03-05 00:00:00,"40,00",64.41,
2020-03-06 00:00:00,"40,00",64.71,
2020-03-09 00:00:00,"40,00",64.71,
2020-03-10 00:00:00,"38,00",64.72,
2020-03-11 00:00:00,"38,00",64.74,
2020-03-12 00:00:00,"38,00",65.02,
2020-03-13 00:00:00,"38,00",65.05,
2020-03-16 00:00:00,"38,00",65.09,
2020-03-17 00:00:00,"38,00",64.96,
2020-03-18 00:00:00,"38,00",65.46,
2020-03-19 00:00:00,"38,00",65.59,
2020-03-20 00:00:00,"38,00",65.91,
2020-03-25 00:00:00,"38,00",65.85,
2020-03-26 00:00:00,"38,00",66.13,
2020-03-27 00:00:00,"38,00",66.44,
2020-03-30 00:00:00,"38,00",66.58,
2020-03-31 00:00:00,,,3.3
2020-04-01 00:00:00,"38,00",66.61,
2020-04-02 00:00:00,"38,00",66.51,
2020-04-03 00:00:00,"38,00",66.85,
2020-04-06 00:00:00,"38,00",66.97,
2020-04-07 00:00:00,"38,00",67.09,
2020-04-08 00:00:00,"38,00",67.07,
2020-04-13 00:00:00,"38,00",67.43,
2020-04-14 00:00:00,"38,00",67.53,
2020-04-15 00:00:00,"38,00",67.6,
2020-04-16 00:00:00,"38,00",67.87,
2020-04-17 00:00:00,"38,00",67.96,
2020-04-20 00:00:00,"38,00",67.96,
2020-04-21 00:00:00,"38,00",68.34,
2020-04-22 00:00:00,"38,00",68.43,
2020-04-23 00:00:00,"38,00",68.44,
2020-04-24 00:00:00,"38,00",68.69,
2020-04-27 00:00:00,"38,00",68.89,
2020-04-28 00:00:00,"38,00",68.97,
2020-04-29 00:00:00,"38,00",69.07,
2020-04-30 00:00:00,"38,00",69.16,1.5
2020-05-04 00:00:00,"38,00",69.16,
2020-05-05 00:00:00,"38,00",69.31,
2020-05-06 00:00:00,"38,00",69.47,
2020-05-07 00:00:00,"38,00",69.54,
2020-05-08 00:00:00,"38,00",69.63,
2020-05-11 00:00:00,"38,00",69.63,
2020-05-12 00:00:00,"38,00",69.66,
2020-05-13 00:00:00,"38,00",69.84,
2020-05-14 00:00:00,"38,00",70.05,
2020-05-15 00:00:00,"38,00",70.06,
2020-05-18 00:00:00,"38,00",70.26,
2020-05-19 00:00:00,"38,00",70.32,
2020-05-20 00:00:00,"38,00",70.33,
2020-05-21 00:00:00,"38,00",70.38,
2020-05-22 00:00:00,"38,00",70.58,
2020-05-26 00:00:00,"38,00",70.61,
2020-05-27 00:00:00,"38,00",70.63,
2020-05-28 00:00:00,"38,00",70.69,
2020-05-29 00:00:00,"38,00",70.76,
2020-05-31 00:00:00,,,1.5
2020-06-01 00:00:00,"38,00",70.72,
2020-06-02 00:00:00,"38,00",71.01,
2020-06-03 00:00:00,"38,00",70.92,
2020-06-04 00:00:00,"38,00",71.15,
2020-06-05 00:00:00,"38,00",71.48,
2020-06-08 00:00:00,"38,00",71.88,
2020-06-09 00:00:00,"38,00",72.04,
2020-06-10 00:00:00,"38,00",72.2,
2020-06-11 00:00:00,"38,00",72.34,
2020-06-12 00:00:00,"38,00",72.5,
2020-06-16 00:00:00,"38,00",72.68,
2020-06-17 00:00:00,"38,00",72.86,
2020-06-18 00:00:00,"38,00",72.98,
2020-06-19 00:00:00,"38,00",73.08,
2020-06-22 00:00:00,"38,00",73.13,
2020-06-23 00:00:00,"38,00",73.44,
2020-06-24 00:00:00,"38,00",73.51,
2020-06-25 00:00:00,"38,00",73.53,
2020-06-26 00:00:00,"38,00",73.56,
2020-06-29 00:00:00,"38,00",73.86,
2020-06-30 00:00:00,"38,00",74.07,2.2
2020-07-01 00:00:00,"38,00",74.13,
2020-07-02 00:00:00,"38,00",74.18,
2020-07-03 00:00:00,"38,00",74.32,
2020-07-06 00:00:00,"38,00",74.61,
2020-07-07 00:00:00,"38,00",74.64,
2020-07-08 00:00:00,"38,00",74.72,
2020-07-13 00:00:00,"38,00",74.99,
2020-07-14 00:00:00,"38,00",75.09,
2020-07-15 00:00:00,"38,00",75.21,
2020-07-16 00:00:00,"38,00",75.21,
2020-07-17 00:00:00,"38,00",75.25,
2020-07-20 00:00:00,"38,00",75.56,
2020-07-21 00:00:00,"38,00",75.64,
2020-07-22 00:00:00,"38,00",75.66,
2020-07-23 00:00:00,"38,00",75.86,
2020-07-24 00:00:00,"38,00",75.92,
2020-07-27 00:00:00,"38,00",76,
2020-07-28 00:00:00,"38,00",76.1,
2020-07-29 00:00:00,"38,00",76.06,
2020-07-30 00:00:00,"38,00",76.27,
2020-07-31 00:00:00,"38,00",76.39,1.9
2020-08-03 00:00:00,"38,00",76.64,
2020-08-04 00:00:00,"38,00",76.69,
2020-08-05 00:00:00,"38,00",76.89,
2020-08-06 00:00:00,"38,00",76.89,
2020-08-07 00:00:00,"38,00",76.91,
2020-08-10 00:00:00,"38,00",77.13,
2020-08-11 00:00:00,"38,00",77.17,
2020-08-12 00:00:00,"38,00",77.32,
2020-08-13 00:00:00,"38,00",77.42,
2020-08-14 00:00:00,"38,00",77.39,
2020-08-18 00:00:00,"38,00",77.54,
2020-08-19 00:00:00,"38,00",77.7,
2020-08-20 00:00:00,"38,00",77.77,
2020-08-21 00:00:00,"38,00",77.8,
2020-08-24 00:00:00,"38,00",77.95,
2020-08-25 00:00:00,"38,00",77.94,
2020-08-26 00:00:00,"38,00",77.95,
2020-08-27 00:00:00,"38,00",78.13,
2020-08-28 00:00:00,"38,00",78.18,
2020-08-31 00:00:00,"38,00",78.36,2.7
2020-09-01 00:00:00,"38,00",78.5,
2020-09-02 00:00:00,"38,00",78.63,
2020-09-03 00:00:00,"38,00",78.63,
2020-09-04 00:00:00,"38,00",78.64,
2020-09-07 00:00:00,"38,00",78.94,
2020-09-08 00:00:00,"38,00",79.03,
2020-09-09 00:00:00,"38,00",79.05,
2020-09-10 00:00:00,"38,00",79.07,
2020-09-11 00:00:00,"38,00",79.13,
2020-09-14 00:00:00,"38,00",79.24,
2020-09-15 00:00:00,"38,00",79.36,
2020-09-16 00:00:00,"38,00",79.55,
2020-09-17 00:00:00,"38,00",79.59,
2020-09-18 00:00:00,"38,00",79.59,
2020-09-21 00:00:00,"38,00",79.71,
2020-09-22 00:00:00,"38,00",79.86,
2020-09-23 00:00:00,"38,00",79.89,
2020-09-24 00:00:00,"38,00",79.99,
2020-09-25 00:00:00,"38,00",80.05,
2020-09-28 00:00:00,"38,00",80.16,
2020-09-29 00:00:00,"38,00",80.24,
2020-09-30 00:00:00,"38,00",80.63,2.8
2020-10-01 00:00:00,"38,00",80.8,
2020-10-02 00:00:00,"38,00",82.44,
2020-10-05 00:00:00,"38,00",82.64,
2020-10-06 00:00:00,"38,00",82.72,
2020-10-07 00:00:00,"38,00",82.72,
2020-10-08 00:00:00,"38,00",82.79,
2020-10-09 00:00:00,"38,00",82.74,
2020-10-13 00:00:00,"37,00",82.93,
2020-10-14 00:00:00,"37,00",82.95,
2020-10-15 00:00:00,"37,00",82.99,
2020-10-16 00:00:00,"37,00",83.2,
2020-10-19 00:00:00,"37,00",83.21,
2020-10-20 00:00:00,"36,00",83.27,
2020-10-21 00:00:00,"36,00",83.32,
2020-10-22 00:00:00,"36,00",83.78,
2020-10-23 00:00:00,"36,00",83.85,
2020-10-26 00:00:00,"36,00",83.9,
2020-10-27 00:00:00,"36,00",83.89,
2020-10-28 00:00:00,"36,00",83.9,
2020-10-29 00:00:00,"36,00",83.9,
2020-10-30 00:00:00,"36,00",83.89,
2020-10-31 00:00:00,,,3.8
2020-11-02 00:00:00,"36,00",84.41,
2020-11-03 00:00:00,"36,00",84.52,
2020-11-04 00:00:00,"36,00",84.62,
2020-11-05 00:00:00,"36,00",84.63,
2020-11-09 00:00:00,"36,00",84.95,
2020-11-10 00:00:00,"36,00",85.03,
2020-11-11 00:00:00,"36,00",85.04,
2020-11-12 00:00:00,"36,00",85.14,
2020-11-13 00:00:00,"36,00",85.27,
2020-11-16 00:00:00,"36,00",85.6,
2020-11-17 00:00:00,"38,00",85.6,
2020-11-18 00:00:00,"38,00",85.57,
2020-11-19 00:00:00,"38,00",85.74,
2020-11-20 00:00:00,"38,00",85.91,
2020-11-24 00:00:00,"38,00",86.13,
2020-11-25 00:00:00,"38,00",86.19,
2020-11-26 00:00:00,"38,00",86.53,
2020-11-27 00:00:00,"38,00",86.61,
2020-11-30 00:00:00,"38,00",86.72,3.2
2020-12-01 00:00:00,"38,00",86.95,
2020-12-02 00:00:00,"38,00",87,
2020-12-03 00:00:00,"38,00",87.14,
2020-12-04 00:00:00,"38,00",87.17,
2020-12-09 00:00:00,"38,00",87.38,
2020-12-10 00:00:00,"38,00",87.84,
2020-12-11 00:00:00,"38,00",87.85,
2020-12-14 00:00:00,"38,00",87.96,
2020-12-15 00:00:00,"38,00",88.12,
2020-12-16 00:00:00,"38,00",88.13,
2020-12-17 00:00:00,"38,00",88.18,
2020-12-18 00:00:00,"38,00",88.26,
2020-12-21 00:00:00,"38,00",88.76,
2020-12-22 00:00:00,"38,00",88.8,
2020-12-23 00:00:00,"38,00",88.92,
2020-12-28 00:00:00,"38,00",89.24,
2020-12-29 00:00:00,"38,00",89.7,
2020-12-30 00:00:00,"38,00",89.87,
2020-12-31 00:00:00,,,4
2021-01-04 00:00:00,"38,00",90.22,
2021-01-05 00:00:00,"38,00",90.55,
2021-01-06 00:00:00,"38,00",90.55,
2021-01-07 00:00:00,"38,00",90.73,
2021-01-08 00:00:00,"38,00",90.79,
2021-01-11 00:00:00,"38,00",90.99,
2021-01-12 00:00:00,"38,00",91.07,
2021-01-13 00:00:00,"38,00",91.03,
2021-01-14 00:00:00,"38,00",91.19,
2021-01-15 00:00:00,"38,00",91.14,
2021-01-18 00:00:00,"38,00",91.31,
2021-01-19 00:00:00,"38,00",91.77,
2021-01-20 00:00:00,"38,00",91.76,
2021-01-21 00:00:00,"38,00",91.91,
2021-01-22 00:00:00,"38,00",92,
2021-01-25 00:00:00,"38,00",92.35,
2021-01-26 00:00:00,"38,00",92.4,
2021-01-27 00:00:00,"38,00",92.44,
2021-01-28 00:00:00,"38,00",92.58,
2021-01-29 00:00:00,"38,00",92.7,
2021-01-31 00:00:00,,,4
2021-02-01 00:00:00,"38,00",92.99,
2021-02-02 00:00:00,"38,00",93.06,
2021-02-03 00:00:00,"38,00",92.96,
2021-02-04 00:00:00,"38,00",93.19,
2021-02-05 00:00:00,"38,00",93.32,
2021-02-08 00:00:00,"38,00",93.57,
2021-02-09 00:00:00,"38,00",93.58,
2021-02-10 00:00:00,"38,00",93.73,
2021-02-11 00:00:00,"38,00",93.87,
2021-02-12 00:00:00,"38,00",93.95,
2021-02-17 00:00:00,"38,00",94.23,
2021-02-18 00:00:00,"38,00",94.29,
2021-02-19 00:00:00,"38,00",94.4,
2021-02-22 00:00:00,"38,00",94.77,
2021-02-23 00:00:00,"38,00",94.83,
2021-02-24 00:00:00,"38,00",95.02,
2021-02-25 00:00:00,"38,00",95.08,
2021-02-26 00:00:00,"38,00",95.12,
2021-02-28 00:00:00,,,3.6
2021-03-01 00:00:00,"38,00",95.49,
2021-03-02 00:00:00,"38,00",95.67,
2021-03-03 00:00:00,"38,00",95.64,
2021-03-04 00:00:00,"38,00",95.75,
2021-03-05 00:00:00,"38,00",95.69,
2021-03-08 00:00:00,"38,00",96,
2021-03-09 00:00:00,"38,00",96.07,
2021-03-10 00:00:00,"38,00",96.31,
2021-03-11 00:00:00,"38,00",96.45,
2021-03-12 00:00:00,"38,00",96.49,
2021-03-15 00:00:00,"38,00",96.69,
2021-03-16 00:00:00,"38,00",96.81,
2021-03-17 00:00:00,"38,00",96.76,
2021-03-18 00:00:00,"38,00",96.83,
2021-03-19 00:00:00,"38,00",96.98,
2021-03-22 00:00:00,"38,00",97.1,
2021-03-23 00:00:00,"38,00",97.33,
2021-03-25 00:00:00,"38,00",97.45,
2021-03-26 00:00:00,"38,00",97.57,
2021-03-29 00:00:00,"38,00",97.61,
2021-03-30 00:00:00,"38,00",97.61,
2021-03-31 00:00:00,"38,00",97.69,4.8
2021-04-05 00:00:00,"38,00",98.1,
2021-04-06 00:00:00,"38,00",98.1,
2021-04-07 00:00:00,"38,00",98.19,
2021-04-08 00:00:00,"38,00",98.2,
2021-04-09 00:00:00,"38,00",98.21,
2021-04-12 00:00:00,"38,00",98.31,
2021-04-13 00:00:00,"38,00",98.33,
2021-04-14 00:00:00,"38,00",98.32,
2021-04-15 00:00:00,"38,00",98.47,
2021-04-16 00:00:00,"38,00",98.52,
2021-04-19 00:00:00,"38,00",98.59,
2021-04-20 00:00:00,"38,00",98.59,
2021-04-21 00:00:00,"38,00",98.61,
2021-04-22 00:00:00,"38,00",98.64,
2021-04-23 00:00:00,"38,00",98.78,
2021-04-26 00:00:00,"38,00",98.89,
2021-04-27 00:00:00,"38,00",98.89,
2021-04-28 00:00:00,"38,00",98.91,
2021-04-29 00:00:00,"38,00",98.97,
2021-04-30 00:00:00,"38,00",98.9,4.1
2021-05-03 00:00:00,"38,00",99.21,
2021-05-04 00:00:00,"38,00",99.3,
2021-05-05 00:00:00,"38,00",99.33,
2021-05-06 00:00:00,"38,00",99.34,
2021-05-07 00:00:00,"38,00",99.43,
2021-05-10 00:00:00,"38,00",99.5,
2021-05-11 00:00:00,"38,00",99.5,
2021-05-12 00:00:00,"38,00",99.51,
2021-05-13 00:00:00,"38,00",99.51,
2021-05-14 00:00:00,"38,00",99.51,
2021-05-17 00:00:00,"38,00",99.64,
2021-05-18 00:00:00,"38,00",99.64,
2021-05-19 00:00:00,"38,00",99.7,
2021-05-20 00:00:00,"38,00",99.71,
2021-05-21 00:00:00,"38,00",99.71,
2021-05-26 00:00:00,"38,00",99.96,
2021-05-27 00:00:00,"38,00",100.02,
2021-05-28 00:00:00,"38,00",100.04,
2021-05-31 00:00:00,"38,00",100.09,3.3
2021-06-01 00:00:00,"38,00",100.23,
2021-06-02 00:00:00,"38,00",100.26,
2021-06-03 00:00:00,"38,00",100.26,
2021-06-04 00:00:00,"38,00",100.28,
2021-06-07 00:00:00,"38,00",100.37,
2021-06-08 00:00:00,"38,00",100.37,
2021-06-09 00:00:00,"38,00",100.36,
2021-06-10 00:00:00,"38,00",100.37,
2021-06-11 00:00:00,"38,00",100.39,
2021-06-14 00:00:00,"38,00",100.53,
2021-06-15 00:00:00,"38,00",100.67,
2021-06-16 00:00:00,"38,00",100.62,
2021-06-17 00:00:00,"38,00",100.71,
2021-06-18 00:00:00,"38,00",100.71,
2021-06-22 00:00:00,"38,00",100.69,
2021-06-23 00:00:00,"38,00",100.89,
2021-06-24 00:00:00,"38,00",100.89,
2021-06-25 00:00:00,"38,00",100.99,
2021-06-28 00:00:00,"38,00",101.1,
2021-06-29 00:00:00,"38,00",101.14,
2021-06-30 00:00:00,"38,00",101.17,3.2
2021-07-01 00:00:00,"38,00",101.19,
2021-07-02 00:00:00,"38,00",101.19,
2021-07-05 00:00:00,"38,00",101.28,
2021-07-06 00:00:00,"38,00",101.33,
2021-07-07 00:00:00,"38,00",101.34,
2021-07-08 00:00:00,"38,00",101.35,
2021-07-12 00:00:00,"38,00",101.42,
2021-07-13 00:00:00,"38,00",101.48,
2021-07-14 00:00:00,"38,00",101.63,
2021-07-15 00:00:00,"38,00",101.64,
2021-07-16 00:00:00,"38,00",101.65,
2021-07-19 00:00:00,"38,00",101.72,
2021-07-20 00:00:00,"38,00",101.75,
2021-07-21 00:00:00,"38,00",101.76,
2021-07-22 00:00:00,"38,00",101.69,
2021-07-23 00:00:00,"38,00",101.75,
2021-07-26 00:00:00,"38,00",101.82,
2021-07-27 00:00:00,"38,00",101.95,
2021-07-28 00:00:00,"38,00",102.01,
2021-07-29 00:00:00,"38,00",101.99,
2021-07-30 00:00:00,"38,00",102.06,
2021-07-31 00:00:00,,,3
2021-08-02 00:00:00,"38,00",102.12,
2021-08-03 00:00:00,"38,00",102.18,
2021-08-04 00:00:00,"38,00",102.25,
2021-08-05 00:00:00,"38,00",102.28,
2021-08-06 00:00:00,"38,00",102.3,
2021-08-09 00:00:00,"38,00",102.33,
2021-08-10 00:00:00,"38,00",102.34,
2021-08-11 00:00:00,"38,00",102.34,
2021-08-12 00:00:00,"38,00",102.36,
2021-08-13 00:00:00,"38,00",102.53,
2021-08-17 00:00:00,"38,00",102.57,
2021-08-18 00:00:00,"38,00",102.57,
2021-08-19 00:00:00,"38,00",102.61,
2021-08-20 00:00:00,"38,00",102.64,
2021-08-23 00:00:00,"38,00",102.76,
2021-08-24 00:00:00,"38,00",102.79,
2021-08-25 00:00:00,"38,00",102.79,
2021-08-26 00:00:00,"38,00",102.97,
2021-08-27 00:00:00,"38,00",102.97,
2021-08-30 00:00:00,"38,00",103.11,
2021-08-31 00:00:00,"38,00",103.14,2.5
2021-09-01 00:00:00,"38,00",103.22,
2021-09-02 00:00:00,"38,00",103.31,
2021-09-03 00:00:00,"38,00",103.33,
2021-09-06 00:00:00,"38,00",103.45,
2021-09-07 00:00:00,"38,00",103.42,
2021-09-08 00:00:00,"38,00",103.53,
2021-09-09 00:00:00,"38,00",103.54,
2021-09-10 00:00:00,"38,00",103.56,
2021-09-13 00:00:00,"38,00",103.62,
2021-09-14 00:00:00,"38,00",103.62,
2021-09-15 00:00:00,"38,00",103.71,
2021-09-16 00:00:00,"38,00",103.58,
2021-09-17 00:00:00,"38,00",103.77,
2021-09-20 00:00:00,"38,00",104.09,
2021-09-21 00:00:00,"38,00",104.26,
2021-09-22 00:00:00,"38,00",104.1,
2021-09-23 00:00:00,"38,00",104.1,
2021-09-24 00:00:00,"38,00",104.12,
2021-09-27 00:00:00,"38,00",104.18,
2021-09-28 00:00:00,"38,00",104.19,
2021-09-29 00:00:00,"38,00",104.2,
2021-09-30 00:00:00,"38,00",104.3,3.5
2021-10-01 00:00:00,"38,00",104.25,
2021-10-04 00:00:00,"38,00",104.34,
2021-10-05 00:00:00,"38,00",104.53,
2021-10-06 00:00:00,"38,00",104.53,
2021-10-07 00:00:00,"38,00",104.54,
2021-10-12 00:00:00,"38,00",104.47,
2021-10-13 00:00:00,"38,00",104.64,
2021-10-14 00:00:00,"38,00",104.59,
2021-10-15 00:00:00,"38,00",104.7,
2021-10-18 00:00:00,"38,00",104.79,
2021-10-19 00:00:00,"38,00",104.88,
2021-10-20 00:00:00,"38,00",104.88,
2021-10-21 00:00:00,"38,00",104.89,
2021-10-22 00:00:00,"38,00",104.94,
2021-10-25 00:00:00,"38,00",105.04,
2021-10-26 00:00:00,"38,00",105.05,
2021-10-27 00:00:00,"38,00",105.13,
2021-10-28 00:00:00,"38,00",105.15,
2021-10-29 00:00:00,"38,00",105.23,
2021-10-31 00:00:00,,,3.5
2021-11-01 00:00:00,"38,00",105.35,
2021-11-02 00:00:00,"38,00",105.36,
2021-11-03 00:00:00,"38,00",105.38,
2021-11-04 00:00:00,"38,00",105.4,
2021-11-05 00:00:00,"38,00",105.45,
2021-11-08 00:00:00,"38,00",105.58,
2021-11-09 00:00:00,"38,00",105.63,
2021-11-10 00:00:00,"38,00",105.67,
2021-11-11 00:00:00,"38,00",105.79,
2021-11-12 00:00:00,"38,00",105.82,
2021-11-15 00:00:00,"38,00",105.88,
2021-11-16 00:00:00,"38,00",105.92,
2021-11-17 00:00:00,"38,00",105.94,
2021-11-18 00:00:00,"38,00",105.95,
2021-11-19 00:00:00,"38,00",105.96,
2021-11-23 00:00:00,"38,00",106.09,
2021-11-24 00:00:00,"38,00",106.08,
2021-11-25 00:00:00,"38,00",106.16,
2021-11-26 00:00:00,"38,00",106.17,
2021-11-29 00:00:00,"38,00",106.41,
2021-11-30 00:00:00,"38,00",106.48,2.5
2021-12-01 00:00:00,"38,00",106.55,
2021-12-02 00:00:00,"38,00",106.6,
2021-12-03 00:00:00,"38,00",106.63,
2021-12-06 00:00:00,"38,00",106.65,
2021-12-07 00:00:00,"38,00",106.88,
2021-12-09 00:00:00,"38,00",107.26,
2021-12-10 00:00:00,"38,00",107.3,
2021-12-13 00:00:00,"38,00",107.38,
2021-12-14 00:00:00,"38,00",107.49,
2021-12-15 00:00:00,"38,00",107.51,
2021-12-16 00:00:00,"38,00",107.55,
2021-12-17 00:00:00,"38,00",107.57,
2021-12-20 00:00:00,"38,00",107.61,
2021-12-21 00:00:00,"38,00",107.73,
2021-12-22 00:00:00,"38,00",107.79,
2021-12-23 00:00:00,"38,00",107.74,
2021-12-27 00:00:00,"38,00",107.94,
2021-12-28 00:00:00,"38,00",108.14,
2021-12-29 00:00:00,"38,00",108.16,
2021-12-30 00:00:00,"38,00",108.29,
2021-12-31 00:00:00,,,3.8
2022-01-03 00:00:00,"38,00",108.48,
2022-01-04 00:00:00,"38,00",108.61,
2022-01-05 00:00:00,"38,00",108.63,
2022-01-06 00:00:00,"40,00",108.72,
2022-01-07 00:00:00,"40,00",108.86,
2022-01-10 00:00:00,"40,00",108.96,
2022-01-11 00:00:00,"40,00",108.97,
2022-01-12 00:00:00,"40,00",109.05,
2022-01-13 00:00:00,"40,00",109.11,
2022-01-14 00:00:00,"40,00",109.21,
2022-01-17 00:00:00,"40,00",109.46,
2022-01-18 00:00:00,"40,00",109.64,
2022-01-19 00:00:00,"40,00",109.67,
2022-01-20 00:00:00,"40,00",109.71,
2022-01-21 00:00:00,"40,00",109.79,
2022-01-24 00:00:00,"40,00",110.08,
2022-01-25 00:00:00,"40,00",110.11,
2022-01-26 00:00:00,"40,00",110.15,
2022-01-27 00:00:00,"40,00",110.5,
2022-01-28 00:00:00,"40,00",110.68,
2022-01-31 00:00:00,"40,00",110.71,3.9
2022-02-01 00:00:00,"40,00",110.75,
2022-02-02 00:00:00,"40,00",110.92,
2022-02-03 00:00:00,"40,00",110.92,
2022-02-04 00:00:00,"40,00",111.37,
2022-02-07 00:00:00,"40,00",111.46,
2022-02-08 00:00:00,"40,00",111.49,
2022-02-09 00:00:00,"40,00",111.52,
2022-02-10 00:00:00,"40,00",111.59,
2022-02-11 00:00:00,"40,00",111.67,
2022-02-14 00:00:00,"40,00",112.01,
2022-02-15 00:00:00,"40,00",112.17,
2022-02-16 00:00:00,"40,00",112.21,
2022-02-17 00:00:00,"42,50",112.24,
2022-02-18 00:00:00,"42,50",112.48,
2022-02-21 00:00:00,"42,50",112.71,
2022-02-22 00:00:00,"42,50",112.8,
2022-02-23 00:00:00,"42,50",112.83,
2022-02-24 00:00:00,"42,50",112.89,
2022-02-25 00:00:00,"42,50",112.95,
2022-02-28 00:00:00,,,4.7
2022-03-02 00:00:00,"42,50",113.33,
2022-03-03 00:00:00,"42,50",113.48,
2022-03-04 00:00:00,"42,50",113.69,
2022-03-07 00:00:00,"42,50",113.94,
2022-03-08 00:00:00,"42,50",114.06,
2022-03-09 00:00:00,"42,50",114.37,
2022-03-10 00:00:00,"42,50",114.5,
2022-03-11 00:00:00,"42,50",114.49,
2022-03-14 00:00:00,"42,50",114.72,
2022-03-15 00:00:00,"42,50",114.82,
2022-03-16 00:00:00,"42,50",114.88,
2022-03-17 00:00:00,"42,50",114.91,
2022-03-18 00:00:00,"42,50",114.93,
2022-03-21 00:00:00,"42,50",115.35,
2022-03-22 00:00:00,"44,50",115.42,
2022-03-23 00:00:00,"44,50",115.61,
2022-03-25 00:00:00,"44,50",115.68,
2022-03-28 00:00:00,"44,50",116.19,
2022-03-29 00:00:00,"44,50",116.21,
2022-03-30 00:00:00,"44,50",116.31,
2022-03-31 00:00:00,"44,50",116.45,6.7
2022-04-01 00:00:00,"44,50",116.64,
2022-04-04 00:00:00,"44,50",117.02,
2022-04-05 00:00:00,"44,50",117.1,
2022-04-06 00:00:00,"44,50",117.33,
2022-04-07 00:00:00,"44,50",117.65,
2022-04-08 00:00:00,"44,50",117.69,
2022-04-11 00:00:00,"44,50",118.02,
2022-04-12 00:00:00,"44,50",118.09,
2022-04-13 00:00:00,"47,00",118.39,
2022-04-18 00:00:00,"47,00",118.88,
2022-04-19 00:00:00,"47,00",119.03,
2022-04-20 00:00:00,"47,00",119.16,
2022-04-21 00:00:00,"47,00",119.58,
2022-04-22 00:00:00,"47,00",119.69,
2022-04-25 00:00:00,"47,00",119.78,
2022-04-26 00:00:00,"47,00",120.1,
2022-04-27 00:00:00,"47,00",120.13,
2022-04-28 00:00:00,"47,00",120.29,
2022-04-29 00:00:00,"47,00",120.64,
2022-04-30 00:00:00,,,6
2022-05-02 00:00:00,"47,00",120.97,
2022-05-03 00:00:00,"47,00",121.33,
2022-05-04 00:00:00,"47,00",121.45,
2022-05-05 00:00:00,"47,00",121.73,
2022-05-06 00:00:00,"47,00",121.97,
2022-05-09 00:00:00,"47,00",122.16,
2022-05-10 00:00:00,"47,00",122.32,
2022-05-11 00:00:00,"47,00",122.5,
2022-05-12 00:00:00,"49,00",122.7,
2022-05-13 00:00:00,"49,00",123.11,
2022-05-16 00:00:00,"49,00",123.27,
2022-05-17 00:00:00,"49,00",123.55,
2022-05-19 00:00:00,"49,00",123.77,
2022-05-20 00:00:00,"49,00",123.91,
2022-05-23 00:00:00,"49,00",124.33,
2022-05-24 00:00:00,"49,00",124.45,
2022-05-26 00:00:00,"49,00",124.62,
2022-05-27 00:00:00,"49,00",124.81,
2022-05-30 00:00:00,"49,00",125.48,
2022-05-31 00:00:00,"49,00",125.62,5.1
2022-06-01 00:00:00,"49,00",125.88,
2022-06-02 00:00:00,"49,00",125.95,
2022-06-03 00:00:00,"49,00",125.57,
2022-06-06 00:00:00,"49,00",126.6,
2022-06-07 00:00:00,"49,00",126.65,
2022-06-08 00:00:00,"49,00",126.77,
2022-06-09 00:00:00,"49,00",127,
2022-06-10 00:00:00,"49,00",127.09,
2022-06-13 00:00:00,"49,00",127.6,
2022-06-14 00:00:00,"49,00",127.62,
2022-06-15 00:00:00,"49,00",128.03,
2022-06-16 00:00:00,"52,00",128.19,
2022-06-21 00:00:00,"52,00",128.99,
2022-06-22 00:00:00,"52,00",129.01,
2022-06-23 00:00:00,"52,00",129.11,
2022-06-24 00:00:00,"52,00",129.15,
2022-06-27 00:00:00,"52,00",130.07,
2022-06-28 00:00:00,"52,00",130.14,
2022-06-29 00:00:00,"52,00",129.99,
2022-06-30 00:00:00,"52,00",130.44,5.3
2022-07-01 00:00:00,"52,00",130.69,
2022-07-04 00:00:00,"52,00",132.07,
2022-07-05 00:00:00,"52,00",132.54,
2022-07-06 00:00:00,"52,00",132.85,
2022-07-07 00:00:00,"52,00",133.27,
2022-07-08 00:00:00,"52,00",133.89,
2022-07-11 00:00:00,"52,00",134.67,
2022-07-12 00:00:00,"52,00",134.88,
2022-07-13 00:00:00,"52,00",135.15,
2022-07-14 00:00:00,"52,00",135.21,
2022-07-15 00:00:00,"52,00",135.29,
2022-07-18 00:00:00,"52,00",135.79,
2022-07-19 00:00:00,"52,00",136.08,
2022-07-20 00:00:00,"52,00",136.1,
2022-07-21 00:00:00,"52,00",136.32,
2022-07-22 00:00:00,"52,00",136.61,
2022-07-25 00:00:00,"52,00",137.3,
2022-07-26 00:00:00,"52,00",137.38,
2022-07-27 00:00:00,"52,00",137.58,
2022-07-28 00:00:00,"60,00",137.86,
2022-07-29 00:00:00,"60,00",137.93,
2022-07-31 00:00:00,,,7.4
2022-08-01 00:00:00,"60,00",138.9,
2022-08-02 00:00:00,"60,00",139.07,
2022-08-03 00:00:00,"60,00",139.31,
2022-08-04 00:00:00,"60,00",139.86,
2022-08-05 00:00:00,"60,00",139.87,
2022-08-08 00:00:00,"60,00",140.59,
2022-08-09 00:00:00,"60,00",140.77,
2022-08-10 00:00:00,"60,00",140.7,
2022-08-11 00:00:00,"69,50",140.98,
2022-08-12 00:00:00,"69,50",141.5,
2022-08-16 00:00:00,"69,50",142.41,
2022-08-17 00:00:00,"69,50",142.52,
2022-08-18 00:00:00,"69,50",142.39,
2022-08-19 00:00:00,"69,50",143.06,
2022-08-22 00:00:00,"69,50",144.04,
2022-08-23 00:00:00,"69,50",144.03,
2022-08-24 00:00:00,"69,50",144.29,
2022-08-25 00:00:00,"69,50",144.58,
2022-08-26 00:00:00,"69,50",144.73,
2022-08-29 00:00:00,"69,50",145.45,
2022-08-30 00:00:00,"69,50",145.62,
2022-08-31 00:00:00,"69,50",145.77,7
2022-09-01 00:00:00,"69,50",145.86,
2022-09-05 00:00:00,"69,50",147.05,
2022-09-06 00:00:00,"69,50",147.35,
2022-09-07 00:00:00,"69,50",147.66,
2022-09-08 00:00:00,"69,50",148.15,
2022-09-09 00:00:00,"69,50",148.42,
2022-09-12 00:00:00,"69,50",149.43,
2022-09-13 00:00:00,"69,50",149.52,
2022-09-14 00:00:00,"69,50",149.61,
2022-09-15 00:00:00,"75,00",149.99,
2022-09-16 00:00:00,"75,00",150.17,
2022-09-19 00:00:00,"75,00",150.93,
2022-09-20 00:00:00,"75,00",151.24,
2022-09-21 00:00:00,"75,00",151.56,
2022-09-22 00:00:00,"75,00",151.64,
2022-09-23 00:00:00,"75,00",152.24,
2022-09-26 00:00:00,"75,00",153.01,
2022-09-27 00:00:00,"75,00",153.31,
2022-09-28 00:00:00,"75,00",153.61,
2022-09-29 00:00:00,"75,00",153.9,
2022-09-30 00:00:00,"75,00",154.25,6.2
2022-10-03 00:00:00,"75,00",155.33,
2022-10-04 00:00:00,"75,00",155.67,
2022-10-05 00:00:00,"75,00",155.9,
2022-10-06 00:00:00,"75,00",156.29,
2022-10-11 00:00:00,"75,00",157.76,
2022-10-12 00:00:00,"75,00",157.96,
2022-10-13 00:00:00,"75,00",158.19,
2022-10-14 00:00:00,"75,00",158.28,
2022-10-17 00:00:00,"75,00",159.45,
2022-10-18 00:00:00,"75,00",159.71,
2022-10-19 00:00:00,"75,00",159.94,
2022-10-20 00:00:00,"75,00",160.27,
2022-10-21 00:00:00,"75,00",160.57,
2022-10-24 00:00:00,"75,00",161.56,
2022-10-25 00:00:00,"75,00",162.1,
2022-10-26 00:00:00,"75,00",162.22,
2022-10-27 00:00:00,"75,00",162.3,
2022-10-28 00:00:00,"75,00",162.59,
2022-10-31 00:00:00,"75,00",163.89,6.3
2022-11-01 00:00:00,"75,00",164.26,
2022-11-02 00:00:00,"75,00",164.49,
2022-11-03 00:00:00,"75,00",164.82,
2022-11-04 00:00:00,"75,00",165.15,
2022-11-07 00:00:00,"75,00",166.33,
2022-11-08 00:00:00,"75,00",166.79,
2022-11-09 00:00:00,"75,00",167.17,
2022-11-10 00:00:00,"75,00",167.5,
2022-11-11 00:00:00,"75,00",167.77,
2022-11-14 00:00:00,"75,00",168.62,
2022-11-15 00:00:00,"75,00",169.18,
2022-11-16 00:00:00,"75,00",169.6,
2022-11-17 00:00:00,"75,00",169.89,
2022-11-18 00:00:00,"75,00",170.22,
2022-11-22 00:00:00,"75,00",171.52,
2022-11-23 00:00:00,"75,00",171.85,
2022-11-24 00:00:00,"75,00",172.24,
2022-11-25 00:00:00,"75,00",172.45,
2022-11-28 00:00:00,"75,00",173.66,
2022-11-29 00:00:00,"75,00",174.15,
2022-11-30 00:00:00,"75,00",174.55,4.9
2022-12-01 00:00:00,"75,00",174.86,
2022-12-02 00:00:00,"75,00",175.42,
2022-12-05 00:00:00,"75,00",176.44,
2022-12-06 00:00:00,"75,00",176.59,
2022-12-07 00:00:00,"75,00",176.81,
2022-12-12 00:00:00,"75,00",178.57,
2022-12-13 00:00:00,"75,00",179.01,
2022-12-14 00:00:00,"75,00",179.22,
2022-12-15 00:00:00,"75,00",179.35,
2022-12-16 00:00:00,"75,00",179.69,
2022-12-19 00:00:00,"75,00",180.65,
2022-12-20 00:00:00,"75,00",180.76,
2022-12-21 00:00:00,"75,00",181.16,
2022-12-22 00:00:00,"75,00",181.36,
2022-12-23 00:00:00,"75,00",181.74,
2022-12-26 00:00:00,"75,00",182.82,
2022-12-27 00:00:00,"75,00",183.12,
2022-12-28 00:00:00,"75,00",183.51,
2022-12-29 00:00:00,"75,00",183.95,
2022-12-30 00:00:00,"75,00",184.64,
2022-12-31 00:00:00,,,5.1
2023-01-02 00:00:00,"75,00",185.36,
2023-01-03 00:00:00,"75,00",185.99,
2023-01-04 00:00:00,"75,00",186.22,
2023-01-05 00:00:00,"75,00",186.16,
2023-01-06 00:00:00,"75,00",186.61,
2023-01-09 00:00:00,"75,00",187.72,
2023-01-10 00:00:00,"75,00",188.11,
2023-01-11 00:00:00,"75,00",188.21,
2023-01-12 00:00:00,"75,00",188.18,
2023-01-13 00:00:00,"75,00",188.53,
2023-01-16 00:00:00,"75,00",189.47,
2023-01-17 00:00:00,"75,00",189.74,
2023-01-18 00:00:00,"75,00",189.98,
2023-01-19 00:00:00,"75,00",190.19,
2023-01-20 00:00:00,"75,00",190.65,
2023-01-23 00:00:00,"75,00",191.68,
2023-01-24 00:00:00,"75,00",192.08,
2023-01-25 00:00:00,"75,00",192.26,
2023-01-26 00:00:00,"75,00",192.74,
2023-01-27 00:00:00,"75,00",193.06,
2023-01-30 00:00:00,"75,00",194.07,
2023-01-31 00:00:00,"75,00",194.36,6
2023-02-01 00:00:00,"75,00",194.96,
2023-02-02 00:00:00,"75,00",195.14,
2023-02-03 00:00:00,"75,00",195.4,
2023-02-06 00:00:00,"75,00",196.52,
2023-02-07 00:00:00,"75,00",196.74,
2023-02-08 00:00:00,"75,00",196.93,
2023-02-09 00:00:00,"75,00",197.19,
2023-02-10 00:00:00,"75,00",197.6,
2023-02-13 00:00:00,"75,00",198.78,
2023-02-14 00:00:00,"75,00",199.03,
2023-02-15 00:00:00,"75,00",199.47,
2023-02-16 00:00:00,"75,00",199.7,
2023-02-17 00:00:00,"75,00",200.55,
2023-02-22 00:00:00,"75,00",201.73,
2023-02-23 00:00:00,"75,00",202.48,
2023-02-24 00:00:00,"75,00",202.88,
2023-02-27 00:00:00,"75,00",204.12,
2023-02-28 00:00:00,"75,00",204.39,6.6
2023-03-01 00:00:00,"75,00",204.73,
2023-03-02 00:00:00,"75,00",205.37,
2023-03-03 00:00:00,"75,00",205.72,
2023-03-06 00:00:00,"75,00",206.67,
2023-03-07 00:00:00,"75,00",206.9,
2023-03-08 00:00:00,"75,00",207.22,
2023-03-09 00:00:00,"75,00",207.49,
2023-03-10 00:00:00,"75,00",207.96,
2023-03-13 00:00:00,"75,00",208.88,
2023-03-14 00:00:00,"75,00",209.36,
2023-03-15 00:00:00,"75,00",209.62,
2023-03-16 00:00:00,"78,00",210.21,
2023-03-17 00:00:00,"78,00",210.54,
2023-03-20 00:00:00,"78,00",211.85,
2023-03-21 00:00:00,"78,00",212.24,
2023-03-22 00:00:00,"78,00",212.72,
2023-03-23 00:00:00,"78,00",212.97,
2023-03-27 00:00:00,"78,00",214.45,
2023-03-28 00:00:00,"78,00",215.03,
2023-03-29 00:00:00,"78,00",215.5,
2023-03-30 00:00:00,"78,00",215.81,
2023-03-31 00:00:00,"78,00",216.24,7.7
2023-04-03 00:00:00,"78,00",217.43,
2023-04-04 00:00:00,"78,00",218.03,
2023-04-05 00:00:00,"78,00",218.78,
2023-04-10 00:00:00,"78,00",220.73,
2023-04-11 00:00:00,"78,00",221.17,
2023-04-12 00:00:00,"78,00",221.46,
2023-04-13 00:00:00,"78,00",221.62,
2023-04-14 00:00:00,"78,00",221.77,
2023-04-17 00:00:00,"78,00",223.39,
2023-04-18 00:00:00,"78,00",223.73,
2023-04-19 00:00:00,"78,00",224.52,
2023-04-20 00:00:00,"81,00",225.21,
2023-04-21 00:00:00,"81,00",225.58,
2023-04-24 00:00:00,"81,00",226.94,
2023-04-25 00:00:00,"81,00",227.68,
2023-04-26 00:00:00,"81,00",228.43,
2023-04-27 00:00:00,"91,00",229.12,
2023-04-28 00:00:00,"91,00",229.63,
2023-04-30 00:00:00,,,8.4
2023-05-02 00:00:00,"91,00",232.09,
2023-05-03 00:00:00,"91,00",232.88,
2023-05-04 00:00:00,"91,00",233.72,
2023-05-05 00:00:00,"91,00",235.98,
2023-05-08 00:00:00,"91,00",238.18,
2023-05-09 00:00:00,"91,00",238.89,
2023-05-10 00:00:00,"91,00",239.59,
2023-05-11 00:00:00,"91,00",239.42,
2023-05-12 00:00:00,"91,00",240.07,
2023-05-15 00:00:00,"97,00",241.39,
2023-05-16 00:00:00,"97,00",242.37,
2023-05-17 00:00:00,"97,00",242.65,
2023-05-18 00:00:00,"97,00",243.02,
2023-05-19 00:00:00,"97,00",243.59,
2023-05-22 00:00:00,"97,00",245.02,
2023-05-23 00:00:00,"97,00",245.53,
2023-05-24 00:00:00,"97,00",246.59,
2023-05-29 00:00:00,"97,00",248.68,
2023-05-30 00:00:00,"97,00",249.79,
2023-05-31 00:00:00,"97,00",250.37,7.8
2023-06-01 00:00:00,"97,00",251.44,
2023-06-02 00:00:00,"97,00",252,
2023-06-05 00:00:00,"97,00",253.83,
2023-06-06 00:00:00,"97,00",254.7,
2023-06-07 00:00:00,"97,00",255.36,
2023-06-08 00:00:00,"97,00",256.09,
2023-06-09 00:00:00,"97,00",257.33,
2023-06-12 00:00:00,"97,00",258.52,
2023-06-13 00:00:00,"97,00",259.13,
2023-06-14 00:00:00,"97,00",259.85,
2023-06-15 00:00:00,"97,00",260.92,
2023-06-16 00:00:00,"97,00",261.59,
2023-06-21 00:00:00,"97,00",264.45,
2023-06-22 00:00:00,"97,00",265.31,
2023-06-23 00:00:00,"97,00",265.95,
2023-06-26 00:00:00,"97,00",267.22,
2023-06-27 00:00:00,"97,00",268.09,
2023-06-28 00:00:00,"97,00",267.88,
2023-06-29 00:00:00,"97,00",269.24,
2023-06-30 00:00:00,"97,00",270.16,6
2023-07-03 00:00:00,"97,00",271.55,
2023-07-04 00:00:00,"97,00",272.06,
2023-07-05 00:00:00,"97,00",273.32,
2023-07-06 00:00:00,"97,00",273.71,
2023-07-07 00:00:00,"97,00",274.39,
2023-07-10 00:00:00,"97,00",275.81,
2023-07-11 00:00:00,"97,00",276.53,
2023-07-12 00:00:00,"97,00",276.89,
2023-07-13 00:00:00,"97,00",277.77,
2023-07-14 00:00:00,"97,00",278.47,
2023-07-17 00:00:00,"97,00",280.32,
2023-07-18 00:00:00,"97,00",280.59,
2023-07-19 00:00:00,"97,00",281.35,
2023-07-20 00:00:00,"97,00",281.66,
2023-07-21 00:00:00,"97,00",282.54,
2023-07-24 00:00:00,"97,00",284.37,
2023-07-25 00:00:00,"97,00",284.65,
2023-07-26 00:00:00,"97,00",285.2,
2023-07-27 00:00:00,"97,00",285.8,
2023-07-28 00:00:00,"97,00",286.57,
2023-07-31 00:00:00,"97,00",287.92,6.3
2023-08-01 00:00:00,"97,00",289.17,
2023-08-02 00:00:00,"97,00",290.27,
2023-08-03 00:00:00,"97,00",291.33,
2023-08-04 00:00:00,"97,00",292.2,
2023-08-07 00:00:00,"97,00",295.25,
2023-08-08 00:00:00,"97,00",296.52,
2023-08-09 00:00:00,"97,00",297.82,
2023-08-10 00:00:00,"97,00",298.81,
2023-08-11 00:00:00,"97,00",300.01,
2023-08-14 00:00:00,"118,00",366.18,
2023-08-15 00:00:00,"118,00",366.63,
2023-08-16 00:00:00,"118,00",366.89,
2023-08-17 00:00:00,"118,00",366.55,
2023-08-18 00:00:00,"118,00",366.57,
2023-08-22 00:00:00,"118,00",367.03,
2023-08-23 00:00:00,"118,00",367.11,
2023-08-24 00:00:00,"118,00",367.37,
2023-08-25 00:00:00,"118,00",367,
2023-08-28 00:00:00,"118,00",367,
2023-08-29 00:00:00,"118,00",367,
2023-08-30 00:00:00,"118,00",367.09,
2023-08-31 00:00:00,"118,00",366.63,12.4
2023-09-01 00:00:00,"118,00",367.02,
2023-09-04 00:00:00,"118,00",367.01,
2023-09-05 00:00:00,"118,00",367.01,
2023-09-06 00:00:00,"118,00",367.01,
2023-09-07 00:00:00,"118,00",367,
2023-09-08 00:00:00,"118,00",367.01,
2023-09-11 00:00:00,"118,00",366.72,
2023-09-12 00:00:00,"118,00",366.73,
2023-09-13 00:00:00,"118,00",366.72,
2023-09-14 00:00:00,"118,00",367.09,
2023-09-15 00:00:00,"118,00",367.01,
2023-09-18 00:00:00,"118,00",367.09,
2023-09-19 00:00:00,"118,00",366.64,
2023-09-20 00:00:00,"118,00",367.01,
2023-09-21 00:00:00,"118,00",367.09,
2023-09-22 00:00:00,"118,00",367.01,
2023-09-25 00:00:00,"118,00",366.98,
2023-09-26 00:00:00,"118,00",366.98,
2023-09-27 00:00:00,"118,00",366.64,
2023-09-28 00:00:00,"118,00",367.01,
2023-09-29 00:00:00,"118,00",365.6,
2023-09-30 00:00:00,,,12.7
2023-10-02 00:00:00,"118,00",367.01,
2023-10-03 00:00:00,"118,00",366.65,
2023-10-04 00:00:00,"118,00",367.09,
2023-10-05 00:00:00,"118,00",366.65,
2023-10-06 00:00:00,"118,00",367.02,
2023-10-09 00:00:00,"118,00",367.18,
2023-10-10 00:00:00,"118,00",367.01,
2023-10-11 00:00:00,"118,00",367.01,
2023-10-12 00:00:00,"133,00",367.46,
2023-10-17 00:00:00,"133,00",367.59,
2023-10-18 00:00:00,"133,00",367.14,
2023-10-19 00:00:00,"133,00",367.17,
2023-10-20 00:00:00,"133,00",368.03,
2023-10-23 00:00:00,"133,00",367.91,
2023-10-24 00:00:00,"133,00",367.93,
2023-10-25 00:00:00,"133,00",367.72,
2023-10-26 00:00:00,"133,00",368.1,
2023-10-27 00:00:00,"133,00",367.93,
2023-10-30 00:00:00,"133,00",367.88,
2023-10-31 00:00:00,"133,00",367.94,8.3
2023-11-01 00:00:00,"133,00",367.93,
2023-11-02 00:00:00,"133,00",368.05,
2023-11-03 00:00:00,"133,00",368.05,
2023-11-07 00:00:00,"133,00",367.87,
2023-11-08 00:00:00,"133,00",368.05,
2023-11-09 00:00:00,"133,00",367.93,
2023-11-10 00:00:00,"133,00",368.05,
2023-11-13 00:00:00,"133,00",367.93,
2023-11-14 00:00:00,"133,00",367.93,
2023-11-15 00:00:00,"133,00",370.51,
2023-11-16 00:00:00,"133,00",370.94,
2023-11-17 00:00:00,"133,00",371.55,
2023-11-21 00:00:00,"133,00",373.71,
2023-11-22 00:00:00,"133,00",374.33,
2023-11-23 00:00:00,"133,00",374.51,
2023-11-24 00:00:00,"133,00",375.38,
2023-11-27 00:00:00,"133,00",376.69,
2023-11-28 00:00:00,"133,00",377.55,
2023-11-29 00:00:00,"133,00",377.84,
2023-11-30 00:00:00,"133,00",378.37,12.8
2023-12-01 00:00:00,"133,00",379.18,
2023-12-04 00:00:00,"133,00",380.37,
2023-12-05 00:00:00,"133,00",381,
2023-12-06 00:00:00,"133,00",381.31,
2023-12-07 00:00:00,"133,00",390.97,
2023-12-11 00:00:00,"133,00",462.4,
2023-12-12 00:00:00,"133,00",587.57,
2023-12-13 00:00:00,"133,00",832.64,
2023-12-14 00:00:00,"133,00",837.91,
2023-12-15 00:00:00,"133,00",838.18,
2023-12-18 00:00:00,"100,00",840.23,
2023-12-19 00:00:00,"100,00",841.28,
2023-12-20 00:00:00,"100,00",841.46,
2023-12-21 00:00:00,"100,00",842.68,
2023-12-22 00:00:00,"100,00",843.78,
2023-12-26 00:00:00,"100,00",843.55,
2023-12-27 00:00:00,"100,00",843.51,
2023-12-28 00:00:00,"100,00",844.66,
2023-12-29 00:00:00,"100,00",847.11,
2023-12-31 00:00:00,,,25.5
2024-01-02 00:00:00,"100,00",851.25,
2024-01-03 00:00:00,"100,00",852.69,
2024-01-04 00:00:00,"100,00",853.15,
2024-01-05 00:00:00,"100,00",852.99,
2024-01-08 00:00:00,"100,00",857.62,
2024-01-09 00:00:00,"100,00",859,
2024-01-10 00:00:00,"100,00",857.87,
2024-01-11 00:00:00,"100,00",860.49,
2024-01-12 00:00:00,"100,00",860.65,
2024-01-15 00:00:00,"100,00",863.62,
2024-01-16 00:00:00,"100,00",864.65,
2024-01-17 00:00:00,"100,00",865.65,
2024-01-18 00:00:00,"100,00",866.51,
2024-01-19 00:00:00,"100,00",868.8,
2024-01-22 00:00:00,"100,00",868.15,
2024-01-23 00:00:00,"100,00",869.92,
2024-01-24 00:00:00,"100,00",870.63,
2024-01-25 00:00:00,"100,00",870.05,
2024-01-26 00:00:00,"100,00",871.96,
2024-01-29 00:00:00,"100,00",873.5,
2024-01-30 00:00:00,"100,00",875.12,
2024-01-31 00:00:00,"100,00",872.89,20.6
2024-02-01 00:00:00,"100,00",871.93,
2024-02-02 00:00:00,"100,00",876.62,
2024-02-05 00:00:00,"100,00",876.88,
2024-02-06 00:00:00,"100,00",877.03,
2024-02-07 00:00:00,"100,00",878.13,
2024-02-08 00:00:00,"100,00",878.35,
2024-02-09 00:00:00,"100,00",877.34,
2024-02-14 00:00:00,"100,00",880.59,
2024-02-15 00:00:00,"100,00",880.57,
2024-02-16 00:00:00,"100,00",879.16,
2024-02-19 00:00:00,"100,00",882.04,
2024-02-20 00:00:00,"100,00",882.45,
2024-02-21 00:00:00,"100,00",882.79,
2024-02-22 00:00:00,"100,00",879.81,
2024-02-23 00:00:00,"100,00",883.65,
2024-02-26 00:00:00,"100,00",883.8,
2024-02-27 00:00:00,"100,00",884.03,
2024-02-28 00:00:00,"100,00",888.7,
2024-02-29 00:00:00,"100,00",887.5,13.2
2024-03-01 00:00:00,"100,00",885.88,
2024-03-04 00:00:00,"100,00",887.61,
2024-03-05 00:00:00,"100,00",892.34,
2024-03-06 00:00:00,"100,00",889.49,
2024-03-07 00:00:00,"100,00",891.28,
2024-03-08 00:00:00,"100,00",892,
2024-03-11 00:00:00,"100,00",894.34,
2024-03-12 00:00:00,"80,00",894.5,
2024-03-13 00:00:00,"80,00",894.95,
2024-03-14 00:00:00,"80,00",897.33,
2024-03-15 00:00:00,"80,00",895.15,
2024-03-18 00:00:00,"80,00",896.91,
2024-03-19 00:00:00,"80,00",898.48,
2024-03-20 00:00:00,"80,00",898.22,
2024-03-21 00:00:00,"80,00",897.86,
2024-03-22 00:00:00,"80,00",898.58,
2024-03-25 00:00:00,"80,00",900.42,
2024-03-26 00:00:00,"80,00",900.45,
2024-03-27 00:00:00,"80,00",901.63,
2024-03-31 00:00:00,,,11
2024-04-03 00:00:00,"80,00",905.3,
2024-04-04 00:00:00,"80,00",899.79,
2024-04-05 00:00:00,"80,00",905.3,
2024-04-08 00:00:00,"80,00",908.79,
2024-04-09 00:00:00,"80,00",907.39,
2024-04-10 00:00:00,"80,00",907.61,
2024-04-11 00:00:00,"70,00",910.82,
2024-04-12 00:00:00,"70,00",913.27,
2024-04-15 00:00:00,"70,00",912.63,
2024-04-16 00:00:00,"70,00",912.61,
2024-04-17 00:00:00,"70,00",913.23,
2024-04-18 00:00:00,"70,00",910.3,
2024-04-19 00:00:00,"70,00",912.74,
2024-04-22 00:00:00,"70,00",915.8,
2024-04-23 00:00:00,"70,00",915.4,
2024-04-24 00:00:00,"70,00",915.35,
2024-04-25 00:00:00,"60,00",916.05,
2024-04-26 00:00:00,"60,00",918.36,
2024-04-29 00:00:00,"60,00",915.62,
2024-04-30 00:00:00,"60,00",920.57,8.8
2024-05-02 00:00:00,"50,00",918.05,
2024-05-03 00:00:00,"50,00",921.34,
2024-05-06 00:00:00,"50,00",923.56,
2024-05-07 00:00:00,"50,00",922.38,
2024-05-08 00:00:00,"50,00",923.05,
2024-05-09 00:00:00,"50,00",924.06,
2024-05-10 00:00:00,"50,00",922.24,
2024-05-13 00:00:00,"50,00",922.93,
2024-05-14 00:00:00,"40,00",926.01,
2024-05-15 00:00:00,"40,00",928.68,
2024-05-16 00:00:00,"40,00",928.45,
2024-05-17 00:00:00,"40,00",927.58,
2024-05-20 00:00:00,"40,00",927.13,
2024-05-21 00:00:00,"40,00",927.39,
2024-05-22 00:00:00,"40,00",929.52,
2024-05-23 00:00:00,"40,00",929.26,
2024-05-24 00:00:00,"40,00",931.78,
2024-05-27 00:00:00,"40,00",933.75,
2024-05-28 00:00:00,"40,00",933.13,
2024-05-29 00:00:00,"40,00",933.36,
2024-05-30 00:00:00,"40,00",934.62,
2024-05-31 00:00:00,"40,00",933.76,
2024-06-03 00:00:00,"40,00",937.66,
2024-06-04 00:00:00,"40,00",935.68,
2024-06-05 00:00:00,"40,00",938.14,
2024-06-06 00:00:00,"40,00",936.71,
2024-06-07 00:00:00,"40,00",939.07,
2024-06-10 00:00:00,"40,00",940.56,
2024-06-11 00:00:00,"40,00",938.37,
2024-06-12 00:00:00,"40,00",936.54,
2024-06-13 00:00:00,"40,00",941.61,
